frame,path,width,height,teacher_det,teacher_conf,teacher_x1,teacher_y1,teacher_x2,teacher_y2,teacher_iou_prev,student_pre_det,student_pre_conf,student_pre_x1,student_pre_y1,student_pre_x2,student_pre_y2,student_pre_iou_prev,student_post_det,student_post_conf,student_post_x1,student_post_y1,student_post_x2,student_post_y2,student_post_iou_prev,student_delta_conf,student_pre_post_iou,student_pre_post_center_shift,pseudo_accepted,update_applied,loss_total,loss_box,loss_cls,loss_dfl,latency_teacher_ms,latency_student_pre_ms,latency_student_post_ms
0,/home/hm25936/datasets_for_yolo/lab_images_6000/images/test/img_00001.jpg,1936,1216,1,0.641048,752.749,0.000,1914.445,728.373,,1,0.641048,752.749,0.000,1914.445,728.373,,1,0.641048,752.749,0.000,1914.445,728.373,,0.000000,1.000000,0.000000,0,0,,,,,15.376,44.250,13.925
1,/home/hm25936/datasets_for_yolo/lab_images_6000/images/test/img_00002.jpg,1936,1216,1,0.641048,752.749,0.000,1914.445,728.373,1.000000,1,0.641048,752.749,0.000,1914.445,728.373,1.000000,1,0.641048,752.749,0.000,1914.445,728.373,1.000000,0.000000,1.000000,0.000000,0,0,,,,,13.300,13.689,13.625
2,/home/hm25936/datasets_for_yolo/lab_images_6000/images/test/img_00003.jpg,1936,1216,1,0.776923,749.080,1.238,1918.230,687.362,0.936337,1,0.776923,749.080,1.238,1918.230,687.362,0.936337,1,0.776923,749.080,1.238,1918.230,687.362,0.936337,0.000000,1.000000,0.000000,0,0,,,,,13.152,12.820,13.113
3,/home/hm25936/datasets_for_yolo/lab_images_6000/images/test/img_00004.jpg,1936,1216,1,0.680275,721.015,0.000,1857.528,640.475,0.862490,1,0.680275,721.015,0.000,1857.528,640.475,0.862490,1,0.680275,721.015,0.000,1857.528,640.475,0.862490,0.000000,1.000000,0.000000,0,0,,,,,13.084,12.926,12.740
4,/home/hm25936/datasets_for_yolo/lab_images_6000/images/test/img_00005.jpg,1936,1216,1,0.748070,575.243,1.812,1922.516,636.829,0.837492,1,0.748070,575.243,1.812,1922.516,636.829,0.837492,1,0.748070,575.243,1.812,1922.516,636.829,0.837492,0.000000,1.000000,0.000000,0,0,,,,,11.963,11.316,11.741
5,/home/hm25936/datasets_for_yolo/lab_images_6000/images/test/img_00006.jpg,1936,1216,1,0.748070,575.243,1.812,1922.516,636.829,1.000000,1,0.748070,575.243,1.812,1922.516,636.829,1.000000,1,0.748070,575.243,1.812,1922.516,636.829,1.000000,0.000000,1.000000,0.000000,0,0,,,,,12.281,12.040,11.909
6,/home/hm25936/datasets_for_yolo/lab_images_6000/images/test/img_00007.jpg,1936,1216,1,0.774327,564.674,4.452,1920.253,659.071,0.953133,1,0.774327,564.674,4.452,1920.253,659.071,0.953133,1,0.774327,564.674,4.452,1920.253,659.071,0.953133,0.000000,1.000000,0.000000,0,0,,,,,12.028,12.028,12.123
7,/home/hm25936/datasets_for_yolo/lab_images_6000/images/test/img_00008.jpg,1936,1216,1,0.762984,337.162,0.000,1936.000,1216.000,0.456431,1,0.762984,337.162,0.000,1936.000,1216.000,0.456431,1,0.762984,337.162,0.000,1936.000,1216.000,0.456431,0.000000,1.000000,0.000000,0,0,,,,,12.055,11.801,11.742
8,/home/hm25936/datasets_for_yolo/lab_images_6000/images/test/img_00009.jpg,1936,1216,1,0.787730,346.831,0.000,1936.000,1216.000,0.993952,1,0.787730,346.831,0.000,1936.000,1216.000,0.993952,1,0.787730,346.831,0.000,1936.000,1216.000,0.993952,0.000000,1.000000,0.000000,0,0,,,,,11.513,11.634,12.169
9,/home/hm25936/datasets_for_yolo/lab_images_6000/images/test/img_00010.jpg,1936,1216,1,0.269051,901.341,90.906,1565.675,622.778,0.182848,1,0.269051,901.341,90.906,1565.675,622.778,0.182848,1,0.269051,901.341,90.906,1565.675,622.778,0.182848,0.000000,1.000000,0.000000,0,0,,,,,12.883,12.038,11.802
10,/home/hm25936/datasets_for_yolo/lab_images_6000/images/test/img_00011.jpg,1936,1216,1,0.735096,524.697,0.000,1883.592,644.442,0.403481,1,0.735096,524.697,0.000,1883.592,644.442,0.403481,1,0.735096,524.697,0.000,1883.592,644.442,0.403481,0.000000,1.000000,0.000000,0,0,,,,,11.813,11.650,11.683
11,/home/hm25936/datasets_for_yolo/lab_images_6000/images/test/img_00012.jpg,1936,1216,1,0.720707,618.756,0.000,1892.726,678.100,0.881686,1,0.720707,618.756,0.000,1892.726,678.100,0.881686,1,0.720707,618.756,0.000,1892.726,678.100,0.881686,0.000000,1.000000,0.000000,0,0,,,,,13.161,12.436,12.314
12,/home/hm25936/datasets_for_yolo/lab_images_6000/images/test/img_00013.jpg,1936,1216,1,0.629040,620.478,0.000,1905.431,733.145,0.914640,1,0.629040,620.478,0.000,1905.431,733.145,0.914640,1,0.629040,620.478,0.000,1905.431,733.145,0.914640,0.000000,1.000000,0.000000,0,0,,,,,12.471,12.123,12.164
13,/home/hm25936/datasets_for_yolo/lab_images_6000/images/test/img_00014.jpg,1936,1216,1,0.710388,620.291,0.000,1908.912,687.070,0.934654,1,0.710388,620.291,0.000,1908.912,687.070,0.934654,1,0.710388,620.291,0.000,1908.912,687.070,0.934654,0.000000,1.000000,0.000000,0,0,,,,,13.252,12.714,12.601
14,/home/hm25936/datasets_for_yolo/lab_images_6000/images/test/img_00015.jpg,1936,1216,1,0.710388,620.291,0.000,1908.912,687.070,1.000000,1,0.710388,620.291,0.000,1908.912,687.070,1.000000,1,0.710388,620.291,0.000,1908.912,687.070,1.000000,0.000000,1.000000,0.000000,0,0,,,,,12.582,12.068,12.337
15,/home/hm25936/datasets_for_yolo/lab_images_6000/images/test/img_00016.jpg,1936,1216,1,0.608971,625.319,0.000,1899.918,801.122,0.849618,1,0.608971,625.319,0.000,1899.918,801.122,0.849618,1,0.608971,625.319,0.000,1899.918,801.122,0.849618,0.000000,1.000000,0.000000,0,0,,,,,13.117,12.560,12.559
16,/home/hm25936/datasets_for_yolo/lab_images_6000/images/test/img_00017.jpg,1936,1216,1,0.766669,364.453,0.000,1936.000,1216.000,0.534332,1,0.766669,364.453,0.000,1936.000,1216.000,0.534332,1,0.766669,364.453,0.000,1936.000,1216.000,0.534332,0.000000,1.000000,0.000000,0,0,,,,,12.326,11.679,11.915
17,/home/hm25936/datasets_for_yolo/lab_images_6000/images/test/img_00018.jpg,1936,1216,1,0.758212,442.884,0.000,1936.000,1216.000,0.950093,1,0.758212,442.884,0.000,1936.000,1216.000,0.950093,1,0.758212,442.884,0.000,1936.000,1216.000,0.950093,0.000000,1.000000,0.000000,0,0,,,,,11.932,11.977,11.807
18,/home/hm25936/datasets_for_yolo/lab_images_6000/images/test/img_00019.jpg,1936,1216,1,0.777303,700.867,509.335,1107.677,797.211,0.064501,1,0.777303,700.867,509.335,1107.677,797.211,0.064501,1,0.777303,700.867,509.335,1107.677,797.211,0.064501,0.000000,1.000000,0.000000,0,0,,,,,12.081,12.022,12.207
19,/home/hm25936/datasets_for_yolo/lab_images_6000/images/test/img_00020.jpg,1936,1216,1,0.777303,700.867,509.335,1107.677,797.211,1.000000,1,0.777303,700.867,509.335,1107.677,797.211,1.000000,1,0.777303,700.867,509.335,1107.677,797.211,1.000000,0.000000,1.000000,0.000000,0,0,,,,,12.398,12.373,12.253
20,/home/hm25936/datasets_for_yolo/lab_images_6000/images/test/img_00021.jpg,1936,1216,1,0.850822,710.782,0.000,1928.242,645.556,0.063683,1,0.850822,710.782,0.000,1928.242,645.556,0.063683,1,0.850822,710.782,0.000,1928.242,645.556,0.063683,0.000000,1.000000,0.000000,0,0,,,,,12.170,12.437,12.336
21,/home/hm25936/datasets_for_yolo/lab_images_6000/images/test/img_00022.jpg,1936,1216,1,0.837120,710.056,0.000,1927.862,640.912,0.991908,1,0.837120,710.056,0.000,1927.862,640.912,0.991908,1,0.837120,710.056,0.000,1927.862,640.912,0.991908,0.000000,1.000000,0.000000,0,0,,,,,12.756,13.125,12.398
22,/home/hm25936/datasets_for_yolo/lab_images_6000/images/test/img_00023.jpg,1936,1216,1,0.837567,703.425,0.000,1926.635,637.504,0.988328,1,0.837567,703.425,0.000,1926.635,637.504,0.988328,1,0.837567,703.425,0.000,1926.635,637.504,0.988328,0.000000,1.000000,0.000000,0,0,,,,,12.276,12.416,12.374
23,/home/hm25936/datasets_for_yolo/lab_images_6000/images/test/img_00024.jpg,1936,1216,1,0.839836,701.277,0.000,1926.448,636.894,0.997140,1,0.839836,701.277,0.000,1926.448,636.894,0.997140,1,0.839836,701.277,0.000,1926.448,636.894,0.997140,0.000000,1.000000,0.000000,0,0,,,,,12.917,12.966,12.629
24,/home/hm25936/datasets_for_yolo/lab_images_6000/images/test/img_00025.jpg,1936,1216,1,0.855603,687.263,0.000,1925.176,630.750,0.978245,1,0.855603,687.263,0.000,1925.176,630.750,0.978245,1,0.855603,687.263,0.000,1925.176,630.750,0.978245,0.000000,1.000000,0.000000,0,0,,,,,12.387,12.330,12.244
25,/home/hm25936/datasets_for_yolo/lab_images_6000/images/test/img_00026.jpg,1936,1216,1,0.761126,405.616,0.000,1936.000,1216.000,0.419579,1,0.761126,405.616,0.000,1936.000,1216.000,0.419579,1,0.761126,405.616,0.000,1936.000,1216.000,0.419579,0.000000,1.000000,0.000000,0,0,,,,,12.253,11.823,11.846
26,/home/hm25936/datasets_for_yolo/lab_images_6000/images/test/img_00027.jpg,1936,1216,1,0.796143,667.721,0.000,1911.769,648.223,0.433339,1,0.796143,667.721,0.000,1911.769,648.223,0.433339,1,0.796143,667.721,0.000,1911.769,648.223,0.433339,0.000000,1.000000,0.000000,0,0,,,,,12.191,12.351,12.062
27,/home/hm25936/datasets_for_yolo/lab_images_6000/images/test/img_00028.jpg,1936,1216,1,0.777080,678.485,0.000,1913.934,638.899,0.975415,1,0.777080,678.485,0.000,1913.934,638.899,0.975415,1,0.777080,678.485,0.000,1913.934,638.899,0.975415,0.000000,1.000000,0.000000,0,0,,,,,12.663,12.499,12.283
28,/home/hm25936/datasets_for_yolo/lab_images_6000/images/test/img_00029.jpg,1936,1216,1,0.807009,689.483,0.787,1925.826,633.531,0.972282,1,0.807009,689.483,0.787,1925.826,633.531,0.972282,1,0.807009,689.483,0.787,1925.826,633.531,0.972282,0.000000,1.000000,0.000000,0,0,,,,,13.144,12.125,12.206
29,/home/hm25936/datasets_for_yolo/lab_images_6000/images/test/img_00030.jpg,1936,1216,1,0.786611,685.790,0.452,1929.575,649.801,0.968598,1,0.786611,685.790,0.452,1929.575,649.801,0.968598,1,0.786611,685.790,0.452,1929.575,649.801,0.968598,0.000000,1.000000,0.000000,0,0,,,,,12.598,12.254,12.165
30,/home/hm25936/datasets_for_yolo/lab_images_6000/images/test/img_00031.jpg,1936,1216,1,0.574654,680.586,0.000,1929.099,1185.332,0.545423,1,0.574654,680.586,0.000,1929.099,1185.332,0.545423,1,0.574654,680.586,0.000,1929.099,1185.332,0.545423,0.000000,1.000000,0.000000,0,0,,,,,12.316,14.145,13.321
31,/home/hm25936/datasets_for_yolo/lab_images_6000/images/test/img_00032.jpg,1936,1216,1,0.677804,713.695,498.549,1144.386,844.939,0.100809,1,0.677804,713.695,498.549,1144.386,844.939,0.100809,1,0.677804,713.695,498.549,1144.386,844.939,0.100809,0.000000,1.000000,0.000000,0,0,,,,,12.700,12.391,11.981
32,/home/hm25936/datasets_for_yolo/lab_images_6000/images/test/img_00033.jpg,1936,1216,1,0.697927,715.282,499.181,1146.442,846.919,0.984178,1,0.697927,715.282,499.181,1146.442,846.919,0.984178,1,0.697927,715.282,499.181,1146.442,846.919,0.984178,0.000000,1.000000,0.000000,0,0,,,,,11.768,11.914,11.693
33,/home/hm25936/datasets_for_yolo/lab_images_6000/images/test/img_00034.jpg,1936,1216,1,0.697927,715.282,499.181,1146.442,846.919,1.000000,1,0.697927,715.282,499.181,1146.442,846.919,1.000000,1,0.697927,715.282,499.181,1146.442,846.919,1.000000,0.000000,1.000000,0.000000,0,0,,,,,12.276,14.648,12.587
34,/home/hm25936/datasets_for_yolo/lab_images_6000/images/test/img_00035.jpg,1936,1216,1,0.690378,689.803,0.000,1921.254,1209.240,0.100684,1,0.690378,689.803,0.000,1921.254,1209.240,0.100684,1,0.690378,689.803,0.000,1921.254,1209.240,0.100684,0.000000,1.000000,0.000000,0,0,,,,,12.270,12.121,11.995
35,/home/hm25936/datasets_for_yolo/lab_images_6000/images/test/img_00036.jpg,1936,1216,1,0.709036,680.326,0.000,1930.098,1207.864,0.984235,1,0.709036,680.326,0.000,1930.098,1207.864,0.984235,1,0.709036,680.326,0.000,1930.098,1207.864,0.984235,0.000000,1.000000,0.000000,0,0,,,,,12.664,12.215,12.117
36,/home/hm25936/datasets_for_yolo/lab_images_6000/images/test/img_00037.jpg,1936,1216,1,0.641048,755.522,0.403,1918.903,643.085,0.495301,1,0.641048,755.522,0.403,1918.903,643.085,0.495301,1,0.641048,755.522,0.403,1918.903,643.085,0.495301,0.000000,1.000000,0.000000,0,0,,,,,13.184,12.301,12.094
37,/home/hm25936/datasets_for_yolo/lab_images_6000/images/test/img_00038.jpg,1936,1216,1,0.707168,609.881,1.258,1905.380,628.476,0.859574,1,0.707168,609.881,1.258,1905.380,628.476,0.859574,1,0.707168,609.881,1.258,1905.380,628.476,0.859574,0.000000,1.000000,0.000000,0,0,,,,,12.802,12.754,12.652
38,/home/hm25936/datasets_for_yolo/lab_images_6000/images/test/img_00039.jpg,1936,1216,1,0.582385,734.371,456.692,1160.809,1079.536,0.072897,1,0.582385,734.371,456.692,1160.809,1079.536,0.072897,1,0.582385,734.371,456.692,1160.809,1079.536,0.072897,0.000000,1.000000,0.000000,0,0,,,,,12.408,12.524,14.024
39,/home/hm25936/datasets_for_yolo/lab_images_6000/images/test/img_00040.jpg,1936,1216,1,0.654145,691.750,0.000,1930.421,1211.234,0.177032,1,0.654145,691.750,0.000,1930.421,1211.234,0.177032,1,0.654145,691.750,0.000,1930.421,1211.234,0.177032,0.000000,1.000000,0.000000,0,0,,,,,12.832,12.673,12.343
40,/home/hm25936/datasets_for_yolo/lab_images_6000/images/test/img_00041.jpg,1936,1216,1,0.810247,696.050,0.000,1926.327,1216.000,0.989357,1,0.810247,696.050,0.000,1926.327,1216.000,0.989357,1,0.810247,696.050,0.000,1926.327,1216.000,0.989357,0.000000,1.000000,0.000000,0,0,,,,,12.070,12.171,11.998
41,/home/hm25936/datasets_for_yolo/lab_images_6000/images/test/img_00042.jpg,1936,1216,1,0.807693,679.031,0.000,1926.528,1216.000,0.986196,1,0.807693,679.031,0.000,1926.528,1216.000,0.986196,1,0.807693,679.031,0.000,1926.528,1216.000,0.986196,0.000000,1.000000,0.000000,0,0,,,,,12.566,12.404,12.168
42,/home/hm25936/datasets_for_yolo/lab_images_6000/images/test/img_00043.jpg,1936,1216,1,0.755115,660.371,0.000,1936.000,1216.000,0.977947,1,0.755115,660.371,0.000,1936.000,1216.000,0.977947,1,0.755115,660.371,0.000,1936.000,1216.000,0.977947,0.000000,1.000000,0.000000,0,0,,,,,12.794,12.065,11.806
43,/home/hm25936/datasets_for_yolo/lab_images_6000/images/test/img_00044.jpg,1936,1216,1,0.755115,660.371,0.000,1936.000,1216.000,1.000000,1,0.755115,660.371,0.000,1936.000,1216.000,1.000000,1,0.755115,660.371,0.000,1936.000,1216.000,1.000000,0.000000,1.000000,0.000000,0,0,,,,,12.418,11.917,12.015
44,/home/hm25936/datasets_for_yolo/lab_images_6000/images/test/img_00045.jpg,1936,1216,1,0.492451,765.575,449.054,1205.971,1146.543,0.198026,1,0.492451,765.575,449.054,1205.971,1146.543,0.198026,1,0.492451,765.575,449.054,1205.971,1146.543,0.198026,0.000000,1.000000,0.000000,0,0,,,,,12.507,12.132,11.912
45,/home/hm25936/datasets_for_yolo/lab_images_6000/images/test/img_00046.jpg,1936,1216,1,0.194959,501.006,0.000,1936.000,1216.000,0.176034,1,0.194959,501.006,0.000,1936.000,1216.000,0.176034,1,0.194959,501.006,0.000,1936.000,1216.000,0.176034,0.000000,1.000000,0.000000,0,0,,,,,12.358,12.214,12.040
46,/home/hm25936/datasets_for_yolo/lab_images_6000/images/test/img_00047.jpg,1936,1216,1,0.510390,599.416,0.000,1936.000,1216.000,0.931422,1,0.510390,599.416,0.000,1936.000,1216.000,0.931422,1,0.510390,599.416,0.000,1936.000,1216.000,0.931422,0.000000,1.000000,0.000000,0,0,,,,,11.613,11.802,11.423
47,/home/hm25936/datasets_for_yolo/lab_images_6000/images/test/img_00048.jpg,1936,1216,1,0.399717,736.498,483.813,1162.100,982.279,0.130530,1,0.399717,736.498,483.813,1162.100,982.279,0.130530,1,0.399717,736.498,483.813,1162.100,982.279,0.130530,0.000000,1.000000,0.000000,0,0,,,,,12.414,12.059,12.466
48,/home/hm25936/datasets_for_yolo/lab_images_6000/images/test/img_00049.jpg,1936,1216,1,0.679488,729.783,486.102,1152.634,930.874,0.860323,1,0.679488,729.783,486.102,1152.634,930.874,0.860323,1,0.679488,729.783,486.102,1152.634,930.874,0.860323,0.000000,1.000000,0.000000,0,0,,,,,12.197,12.115,12.363
49,/home/hm25936/datasets_for_yolo/lab_images_6000/images/test/img_00050.jpg,1936,1216,1,0.734312,724.345,482.979,1146.115,1088.821,0.716542,1,0.734312,724.345,482.979,1146.115,1088.821,0.716542,1,0.734312,724.345,482.979,1146.115,1088.821,0.716542,0.000000,1.000000,0.000000,0,0,,,,,12.824,12.496,12.178
50,/home/hm25936/datasets_for_yolo/lab_images_6000/images/test/img_00051.jpg,1936,1216,1,0.664311,741.772,478.927,1157.362,1183.298,0.807707,1,0.664311,741.772,478.927,1157.362,1183.298,0.807707,1,0.664311,741.772,478.927,1157.362,1183.298,0.807707,0.000000,1.000000,0.000000,0,0,,,,,12.024,11.777,11.825
51,/home/hm25936/datasets_for_yolo/lab_images_6000/images/test/img_00052.jpg,1936,1216,1,0.630266,748.729,481.903,1164.231,1104.035,0.855965,1,0.630266,748.729,481.903,1164.231,1104.035,0.855965,1,0.630266,748.729,481.903,1164.231,1104.035,0.855965,0.000000,1.000000,0.000000,0,0,,,,,12.195,12.070,12.051
52,/home/hm25936/datasets_for_yolo/lab_images_6000/images/test/img_00053.jpg,1936,1216,1,0.630266,748.729,481.903,1164.231,1104.035,1.000000,1,0.630266,748.729,481.903,1164.231,1104.035,1.000000,1,0.630266,748.729,481.903,1164.231,1104.035,1.000000,0.000000,1.000000,0.000000,0,0,,,,,13.465,13.111,12.388
53,/home/hm25936/datasets_for_yolo/lab_images_6000/images/test/img_00054.jpg,1936,1216,1,0.509901,981.177,0.000,1936.000,766.754,0.055562,1,0.509901,981.177,0.000,1936.000,766.754,0.055562,1,0.509901,981.177,0.000,1936.000,766.754,0.055562,0.000000,1.000000,0.000000,0,0,,,,,12.471,12.156,11.755
54,/home/hm25936/datasets_for_yolo/lab_images_6000/images/test/img_00055.jpg,1936,1216,1,0.757477,759.688,481.568,1173.331,919.154,0.063845,1,0.757477,759.688,481.568,1173.331,919.154,0.063845,1,0.757477,759.688,481.568,1173.331,919.154,0.063845,0.000000,1.000000,0.000000,0,0,,,,,12.669,11.962,11.925
55,/home/hm25936/datasets_for_yolo/lab_images_6000/images/test/img_00056.jpg,1936,1216,1,0.482319,692.469,1.798,1936.000,615.646,0.062394,1,0.482319,692.469,1.798,1936.000,615.646,0.062394,1,0.482319,692.469,1.798,1936.000,615.646,0.062394,0.000000,1.000000,0.000000,0,0,,,,,12.622,12.289,11.874
56,/home/hm25936/datasets_for_yolo/lab_images_6000/images/test/img_00057.jpg,1936,1216,1,0.631844,748.539,481.675,1158.014,1092.977,0.057215,1,0.631844,748.539,481.675,1158.014,1092.977,0.057215,1,0.631844,748.539,481.675,1158.014,1092.977,0.057215,0.000000,1.000000,0.000000,0,0,,,,,12.135,11.942,11.612
57,/home/hm25936/datasets_for_yolo/lab_images_6000/images/test/img_00058.jpg,1936,1216,1,0.631844,748.539,481.675,1158.014,1092.977,1.000000,1,0.631844,748.539,481.675,1158.014,1092.977,1.000000,1,0.631844,748.539,481.675,1158.014,1092.977,1.000000,0.000000,1.000000,0.000000,0,0,,,,,12.430,12.145,12.039
58,/home/hm25936/datasets_for_yolo/lab_images_6000/images/test/img_00059.jpg,1936,1216,1,0.672385,745.479,481.804,1151.773,1108.195,0.953861,1,0.672385,745.479,481.804,1151.773,1108.195,0.953861,1,0.672385,745.479,481.804,1151.773,1108.195,0.953861,0.000000,1.000000,0.000000,0,0,,,,,11.677,12.001,11.788
59,/home/hm25936/datasets_for_yolo/lab_images_6000/images/test/img_00060.jpg,1936,1216,1,0.737344,748.844,479.494,1153.712,1124.721,0.958423,1,0.737344,748.844,479.494,1153.712,1124.721,0.958423,1,0.737344,748.844,479.494,1153.712,1124.721,0.958423,0.000000,1.000000,0.000000,0,0,,,,,11.993,11.952,11.742
60,/home/hm25936/datasets_for_yolo/lab_images_6000/images/test/img_00061.jpg,1936,1216,1,0.821736,752.216,482.218,1154.328,804.596,0.495097,1,0.821736,752.216,482.218,1154.328,804.596,0.495097,1,0.821736,752.216,482.218,1154.328,804.596,0.495097,0.000000,1.000000,0.000000,0,0,,,,,12.106,12.083,11.851
61,/home/hm25936/datasets_for_yolo/lab_images_6000/images/test/img_00062.jpg,1936,1216,1,0.821736,752.216,482.218,1154.328,804.596,1.000000,1,0.821736,752.216,482.218,1154.328,804.596,1.000000,1,0.821422,752.212,482.232,1154.395,804.778,0.999217,-0.000315,0.999217,0.102767,1,1,2.959857,0.715808,1.050726,1.193323,12.590,12.327,17.297
62,/home/hm25936/datasets_for_yolo/lab_images_6000/images/test/img_00063.jpg,1936,1216,1,0.881008,758.525,481.300,1157.563,792.052,0.936127,1,0.880809,758.529,481.320,1157.639,792.178,0.936380,1,0.880487,758.528,481.408,1157.835,792.288,0.936111,-0.000322,0.998867,0.139089,1,1,2.747373,0.502229,1.183607,1.061537,12.557,11.933,12.439
63,/home/hm25936/datasets_for_yolo/lab_images_6000/images/test/img_00064.jpg,1936,1216,1,0.756279,758.363,479.346,1155.806,784.340,0.964469,1,0.756310,758.364,479.479,1156.057,784.608,0.965696,1,0.756310,758.364,479.479,1156.057,784.608,0.964607,0.000000,1.000000,0.000000,0,0,,,,,12.466,12.293,11.943
64,/home/hm25936/datasets_for_yolo/lab_images_6000/images/test/img_00065.jpg,1936,1216,1,0.538940,662.033,0.000,1936.000,609.890,0.061306,1,0.538172,662.246,0.000,1936.000,609.846,0.061262,1,0.538172,662.246,0.000,1936.000,609.846,0.061262,0.000000,1.000000,0.000000,0,0,,,,,11.618,11.387,11.583
65,/home/hm25936/datasets_for_yolo/lab_images_6000/images/test/img_00066.jpg,1936,1216,1,0.821434,745.967,482.190,1139.976,825.501,0.058375,1,0.820563,745.963,482.272,1140.175,825.774,0.058348,1,0.820563,745.963,482.272,1140.175,825.774,0.058348,0.000000,1.000000,0.000000,0,0,,,,,12.304,11.668,11.930
66,/home/hm25936/datasets_for_yolo/lab_images_6000/images/test/img_00067.jpg,1936,1216,1,0.737322,748.453,483.377,1138.993,800.662,0.916054,1,0.735514,748.445,483.441,1139.197,801.241,0.917057,1,0.735514,748.445,483.441,1139.197,801.241,0.917057,0.000000,1.000000,0.000000,0,0,,,,,11.784,11.844,11.963
67,/home/hm25936/datasets_for_yolo/lab_images_6000/images/test/img_00068.jpg,1936,1216,1,0.852521,750.286,482.966,1137.303,808.227,0.966896,1,0.851859,750.273,483.043,1137.500,808.508,0.967847,1,0.851000,750.259,483.116,1137.674,808.667,0.968053,-0.000859,0.998799,0.140941,1,1,3.773526,0.877999,1.701040,1.194487,12.596,12.456,12.379
68,/home/hm25936/datasets_for_yolo/lab_images_6000/images/test/img_00069.jpg,1936,1216,1,0.420809,1109.247,0.000,1936.000,652.540,0.007202,1,0.418726,1109.238,0.000,1936.000,652.458,0.007247,1,0.418726,1109.238,0.000,1936.000,652.458,0.007288,0.000000,1.000000,0.000000,0,0,,,,,11.977,12.083,11.853
69,/home/hm25936/datasets_for_yolo/lab_images_6000/images/test/img_00070.jpg,1936,1216,1,0.436165,744.945,478.542,1132.588,1194.383,0.004996,1,0.434176,744.930,478.506,1132.779,1194.178,0.005037,1,0.434176,744.930,478.506,1132.779,1194.178,0.005037,0.000000,1.000000,0.000000,0,0,,,,,12.297,12.087,11.977
70,/home/hm25936/datasets_for_yolo/lab_images_6000/images/test/img_00071.jpg,1936,1216,1,0.436165,744.945,478.542,1132.588,1194.383,1.000000,1,0.434176,744.930,478.506,1132.779,1194.178,1.000000,1,0.434176,744.930,478.506,1132.779,1194.178,1.000000,0.000000,1.000000,0.000000,0,0,,,,,11.823,11.802,11.594
71,/home/hm25936/datasets_for_yolo/lab_images_6000/images/test/img_00072.jpg,1936,1216,1,0.754005,742.468,482.590,1121.804,840.402,0.484395,1,0.751796,742.430,482.741,1121.888,840.539,0.484348,1,0.751796,742.430,482.741,1121.888,840.539,0.484348,0.000000,1.000000,0.000000,0,0,,,,,12.481,12.206,12.004
72,/home/hm25936/datasets_for_yolo/lab_images_6000/images/test/img_00073.jpg,1936,1216,1,0.840863,742.978,482.844,1117.780,826.647,0.949367,1,0.839389,742.933,482.984,1117.837,826.873,0.949594,1,0.838267,742.906,483.086,1117.868,826.971,0.949730,-0.001122,0.999267,0.099798,1,1,3.172483,0.638081,1.497229,1.037173,11.940,11.611,11.908
73,/home/hm25936/datasets_for_yolo/lab_images_6000/images/test/img_00074.jpg,1936,1216,1,0.877200,744.519,482.593,1115.821,799.579,0.912004,1,0.875099,744.462,482.893,1115.756,800.057,0.912904,1,0.873823,744.475,483.051,1115.748,800.234,0.913086,-0.001276,0.998886,0.167555,1,1,3.242211,0.643886,1.578266,1.020059,13.145,12.771,11.900
74,/home/hm25936/datasets_for_yolo/lab_images_6000/images/test/img_00075.jpg,1936,1216,1,0.868301,743.968,483.268,1113.928,821.964,0.926238,1,0.864369,743.929,483.616,1114.096,822.553,0.926425,1,0.862716,743.909,483.725,1114.130,822.849,0.926265,-0.001653,0.998658,0.202862,1,1,2.992213,0.766908,1.127505,1.097799,13.037,12.027,13.715
75,/home/hm25936/datasets_for_yolo/lab_images_6000/images/test/img_00076.jpg,1936,1216,1,0.890759,747.502,483.394,1113.806,801.695,0.930499,1,0.886264,747.456,483.909,1113.669,802.619,0.930277,1,0.884999,747.491,484.037,1113.674,802.905,0.930015,-0.001266,0.998591,0.208203,1,1,2.354889,0.551238,0.798781,1.004870,12.361,11.880,12.153
76,/home/hm25936/datasets_for_yolo/lab_images_6000/images/test/img_00077.jpg,1936,1216,1,0.887828,750.210,484.179,1110.432,792.658,0.953047,1,0.882008,750.201,484.702,1110.193,794.253,0.954762,1,0.880715,750.221,484.754,1110.188,794.646,0.955352,-0.001293,0.998494,0.223080,1,1,2.048034,0.415370,0.679142,0.953523,12.485,11.782,12.730
77,/home/hm25936/datasets_for_yolo/lab_images_6000/images/test/img_00078.jpg,1936,1216,1,0.887840,750.203,484.175,1110.431,792.623,0.999856,1,0.880715,750.221,484.754,1110.188,794.646,0.998494,1,0.879264,750.266,484.795,1110.225,794.986,0.998545,-0.001451,0.998545,0.194884,1,1,2.941311,0.606139,1.292907,1.042265,12.952,12.083,12.398
78,/home/hm25936/datasets_for_yolo/lab_images_6000/images/test/img_00079.jpg,1936,1216,1,0.898238,747.744,482.656,1106.745,797.467,0.963383,1,0.889762,747.824,483.517,1106.469,799.346,0.964827,1,0.888286,747.925,483.529,1106.487,799.590,0.965149,-0.001476,0.998861,0.140754,1,1,2.173948,0.401315,0.756121,1.016512,12.473,12.239,12.821
79,/home/hm25936/datasets_for_yolo/lab_images_6000/images/test/img_00080.jpg,1936,1216,1,0.889625,749.081,479.917,1105.285,801.604,0.971167,1,0.879566,749.229,481.203,1105.000,803.150,0.973284,1,0.877346,749.306,481.215,1105.020,803.139,0.974132,-0.002219,0.999655,0.048802,1,1,4.494596,0.773235,2.647128,1.074234,12.596,12.373,12.020
80,/home/hm25936/datasets_for_yolo/lab_images_6000/images/test/img_00081.jpg,1936,1216,1,0.868951,749.088,479.638,1106.925,817.765,0.947001,1,0.856072,749.312,480.950,1106.697,818.737,0.948368,1,0.853941,749.399,480.923,1106.684,818.576,0.948743,-0.002131,0.999168,0.100450,1,1,4.669329,1.006309,2.508018,1.155003,12.252,12.189,11.963
81,/home/hm25936/datasets_for_yolo/lab_images_6000/images/test/img_00082.jpg,1936,1216,1,0.668246,758.820,483.676,1110.583,848.034,0.875320,1,0.642907,758.803,484.265,1111.378,847.860,0.877840,1,0.642907,758.803,484.265,1111.378,847.860,0.877526,0.000000,1.000000,0.000000,0,0,,,,,12.813,11.942,12.055
82,/home/hm25936/datasets_for_yolo/lab_images_6000/images/test/img_00083.jpg,1936,1216,1,0.883064,758.928,481.331,1109.142,805.446,0.873633,1,0.868186,758.855,482.427,1108.882,807.317,0.877670,1,0.865806,758.853,482.359,1108.863,807.269,0.877336,-0.002380,0.999583,0.058881,1,1,3.615011,0.780850,1.825701,1.008460,12.160,12.316,12.219
83,/home/hm25936/datasets_for_yolo/lab_images_6000/images/test/img_00084.jpg,1936,1216,1,0.864544,761.139,483.422,1109.814,823.459,0.933828,1,0.844578,761.095,484.033,1110.872,824.958,0.932796,1,0.841720,761.058,483.963,1110.974,825.075,0.932129,-0.002859,0.999058,0.040043,1,1,2.323571,0.586230,0.774695,0.962646,12.623,12.084,12.287
84,/home/hm25936/datasets_for_yolo/lab_images_6000/images/test/img_00085.jpg,1936,1216,1,0.877005,761.321,483.173,1107.271,822.106,0.987519,1,0.855038,761.239,483.747,1108.657,823.456,0.988054,1,0.852305,759.736,483.243,1106.462,811.533,0.942526,-0.002733,0.953415,6.482610,1,1,2.979425,0.699861,1.185986,1.093578,12.132,12.285,12.490
85,/home/hm25936/datasets_for_yolo/lab_images_6000/images/test/img_00086.jpg,1936,1216,1,0.875109,761.998,482.420,1105.752,811.208,0.959582,1,0.852650,761.875,483.021,1105.375,812.990,0.956242,1,0.850196,761.922,482.859,1105.459,812.937,0.985482,-0.002454,0.998967,0.125934,1,1,3.034088,0.659812,1.289545,1.084731,13.506,12.490,12.135
86,/home/hm25936/datasets_for_yolo/lab_images_6000/images/test/img_00087.jpg,1936,1216,1,0.898726,763.985,481.165,1101.006,813.676,0.969652,1,0.876634,763.860,481.675,1100.598,814.888,0.970958,1,0.874498,763.892,481.485,1100.853,814.925,0.971158,-0.002137,0.998465,0.162583,1,1,2.465372,0.509141,0.880446,1.075785,12.857,12.199,11.839
87,/home/hm25936/datasets_for_yolo/lab_images_6000/images/test/img_00088.jpg,1936,1216,1,0.898721,763.989,481.168,1101.006,813.704,0.999894,1,0.874498,763.892,481.485,1100.853,814.925,0.998465,1,0.872494,763.967,481.272,1101.099,815.048,0.998043,-0.002004,0.998043,0.167015,1,1,2.505220,0.504175,0.901942,1.099103,12.797,12.344,12.137
88,/home/hm25936/datasets_for_yolo/lab_images_6000/images/test/img_00089.jpg,1936,1216,1,0.907162,764.665,478.908,1098.929,793.060,0.924028,1,0.880554,764.610,479.047,1099.021,795.453,0.927745,1,0.878211,764.649,478.824,1099.195,795.588,0.927728,-0.002344,0.998235,0.115237,1,1,2.510859,0.394410,1.076393,1.040056,12.232,12.403,12.428
89,/home/hm25936/datasets_for_yolo/lab_images_6000/images/test/img_00090.jpg,1936,1216,1,0.907117,764.668,478.907,1098.929,793.058,0.999982,1,0.878211,764.649,478.824,1099.195,795.588,0.998235,1,0.875617,764.700,478.684,1099.219,795.654,0.999126,-0.002594,0.999126,0.052966,1,1,2.691909,0.566296,1.036827,1.088786,12.797,12.147,13.614
90,/home/hm25936/datasets_for_yolo/lab_images_6000/images/test/img_00091.jpg,1936,1216,1,0.910320,764.407,479.872,1097.986,794.103,0.990060,1,0.879263,764.455,479.669,1098.279,796.693,0.990585,1,0.876948,764.547,479.583,1098.264,796.811,0.990260,-0.002315,0.999040,0.041526,1,1,2.332479,0.371389,0.893404,1.067686,12.566,12.366,11.982
91,/home/hm25936/datasets_for_yolo/lab_images_6000/images/test/img_00092.jpg,1936,1216,1,0.887914,761.598,481.821,1095.253,800.299,0.958724,1,0.853802,761.901,481.629,1095.575,802.981,0.959452,1,0.851441,761.971,481.573,1095.582,803.137,0.959259,-0.002361,0.999111,0.062624,1,1,2.954679,0.459080,1.404930,1.090669,12.898,12.359,12.079
92,/home/hm25936/datasets_for_yolo/lab_images_6000/images/test/img_00093.jpg,1936,1216,1,0.844340,761.394,483.849,1085.242,800.427,0.962855,1,0.794597,760.514,483.561,1086.605,804.588,0.958616,1,0.791853,760.448,483.518,1086.367,804.918,0.956974,-0.002744,0.997910,0.208839,1,1,2.700665,0.662419,0.900504,1.137742,12.714,12.249,12.466
93,/home/hm25936/datasets_for_yolo/lab_images_6000/images/test/img_00094.jpg,1936,1216,1,0.898749,760.789,483.001,1087.662,772.845,0.902730,1,0.863783,761.037,482.778,1087.842,777.365,0.908354,1,0.861967,761.083,482.780,1087.866,777.457,0.906871,-0.001816,0.999467,0.058625,1,1,2.454842,0.482065,0.925467,1.047310,12.404,12.475,12.689
94,/home/hm25936/datasets_for_yolo/lab_images_6000/images/test/img_00095.jpg,1936,1216,1,0.899556,761.624,481.733,1086.353,787.174,0.943024,1,0.863639,761.915,481.449,1086.545,791.256,0.944851,1,0.861932,761.962,481.498,1086.691,791.486,0.944925,-0.001707,0.998506,0.169702,1,1,2.524711,0.567712,0.850662,1.106337,12.093,12.137,12.547
95,/home/hm25936/datasets_for_yolo/lab_images_6000/images/test/img_00096.jpg,1936,1216,1,0.910388,762.452,479.267,1086.736,786.094,0.984824,1,0.874027,762.809,478.929,1087.088,789.783,0.982882,1,0.872533,762.861,479.031,1087.009,790.022,0.983747,-0.001494,0.998504,0.170838,1,1,2.345876,0.411223,0.881423,1.053230,12.914,12.606,11.964
96,/home/hm25936/datasets_for_yolo/lab_images_6000/images/test/img_00097.jpg,1936,1216,1,0.910873,768.981,477.835,1087.414,790.386,0.960268,1,0.870843,769.591,477.513,1087.662,793.873,0.960699,1,0.869413,769.598,477.690,1087.661,794.066,0.960957,-0.001430,0.998803,0.185173,1,1,2.165243,0.323784,0.769781,1.071678,12.440,12.366,12.505
97,/home/hm25936/datasets_for_yolo/lab_images_6000/images/test/img_00098.jpg,1936,1216,1,0.910885,768.978,477.839,1087.415,790.385,0.999969,1,0.869413,769.598,477.690,1087.661,794.066,0.998803,1,0.868099,769.584,477.878,1087.617,794.297,0.998496,-0.001314,0.998496,0.211492,1,1,2.114484,0.347221,0.699231,1.068032,12.576,12.041,12.306
98,/home/hm25936/datasets_for_yolo/lab_images_6000/images/test/img_00099.jpg,1936,1216,1,0.913905,772.476,477.101,1087.483,796.599,0.967517,1,0.870724,773.164,477.114,1087.691,800.098,0.968686,1,0.869529,773.003,477.400,1087.719,800.362,0.969109,-0.001196,0.997699,0.283370,1,1,2.019797,0.342178,0.615958,1.061662,12.136,11.689,11.938
99,/home/hm25936/datasets_for_yolo/lab_images_6000/images/test/img_00100.jpg,1936,1216,1,0.913902,772.475,477.095,1087.485,796.636,0.999857,1,0.869529,773.003,477.400,1087.719,800.362,0.997699,1,0.868439,772.960,477.657,1087.868,800.604,0.997843,-0.001089,0.997843,0.255262,1,1,1.973525,0.304092,0.605060,1.064372,12.666,12.399,12.240
100,/home/hm25936/datasets_for_yolo/lab_images_6000/images/test/img_00101.jpg,1936,1216,1,0.901950,775.833,477.498,1087.135,800.873,0.974216,1,0.854575,776.411,478.000,1087.492,804.386,0.974609,1,0.853573,776.289,478.164,1087.622,804.639,0.975053,-0.001002,0.997916,0.208124,1,1,2.126725,0.374510,0.662767,1.089448,12.216,12.293,11.723
101,/home/hm25936/datasets_for_yolo/lab_images_6000/images/test/img_00102.jpg,1936,1216,1,0.896765,776.913,479.475,1088.077,807.712,0.967085,1,0.847160,777.418,480.025,1088.543,811.431,0.966471,1,0.846348,777.114,480.168,1088.783,811.714,0.966673,-0.000812,0.996973,0.215446,1,1,2.285166,0.472338,0.672440,1.140388,12.587,12.331,11.915
102,/home/hm25936/datasets_for_yolo/lab_images_6000/images/test/img_00103.jpg,1936,1216,1,0.900758,779.604,482.102,1088.173,800.859,0.962435,1,0.851786,779.886,482.589,1088.882,806.875,0.969719,1,0.851136,779.700,482.634,1089.095,807.323,0.970242,-0.000650,0.997199,0.246683,1,1,2.922756,0.516113,1.206553,1.200090,12.507,12.075,11.893
103,/home/hm25936/datasets_for_yolo/lab_images_6000/images/test/img_00104.jpg,1936,1216,1,0.818002,778.731,483.240,1087.788,810.512,0.963254,1,0.752842,779.012,483.656,1088.738,816.084,0.966027,1,0.751897,778.857,483.661,1088.855,816.536,0.965975,-0.000945,0.997748,0.229645,1,1,3.675794,0.654099,1.768448,1.253247,12.802,12.264,12.275
104,/home/hm25936/datasets_for_yolo/lab_images_6000/images/test/img_00105.jpg,1936,1216,1,0.886120,780.512,480.589,1086.858,799.875,0.951363,1,0.832783,780.408,481.245,1087.867,806.031,0.955779,1,0.832096,780.382,481.180,1087.844,806.620,0.955209,-0.000688,0.997828,0.263221,1,1,2.765024,0.432834,1.143043,1.189147,13.257,12.874,12.736
105,/home/hm25936/datasets_for_yolo/lab_images_6000/images/test/img_00106.jpg,1936,1216,1,0.886137,780.510,480.588,1086.858,799.894,0.999931,1,0.832096,780.382,481.180,1087.844,806.620,0.997828,1,0.831671,780.337,481.151,1087.927,807.232,0.997616,-0.000424,0.997616,0.291991,1,1,2.246701,0.347354,0.754907,1.144440,14.038,13.098,12.277
106,/home/hm25936/datasets_for_yolo/lab_images_6000/images/test/img_00107.jpg,1936,1216,1,0.739185,781.202,480.844,1082.390,812.185,0.946547,1,0.648380,780.655,481.104,1084.614,816.319,0.960095,1,0.648380,780.655,481.104,1084.614,816.319,0.961578,0.000000,1.000000,0.000000,0,0,,,,,12.267,12.499,12.100
107,/home/hm25936/datasets_for_yolo/lab_images_6000/images/test/img_00108.jpg,1936,1216,1,0.822170,778.413,479.962,1081.147,803.412,0.958300,1,0.753472,778.307,480.579,1082.141,809.941,0.964178,1,0.752702,778.259,480.498,1082.269,810.429,0.965623,-0.000769,0.997701,0.207108,1,1,3.691895,0.601045,1.839285,1.251565,12.870,12.211,12.119
108,/home/hm25936/datasets_for_yolo/lab_images_6000/images/test/img_00109.jpg,1936,1216,1,0.891452,778.946,480.140,1075.289,821.226,0.928299,1,0.841899,778.726,480.678,1076.223,825.742,0.934928,1,0.841459,778.542,480.586,1076.181,826.143,0.935173,-0.000440,0.997814,0.191522,1,1,2.299050,0.502654,0.707817,1.088578,12.177,12.190,12.295
109,/home/hm25936/datasets_for_yolo/lab_images_6000/images/test/img_00110.jpg,1936,1216,1,0.846685,779.019,483.868,1071.999,846.454,0.911217,1,0.791243,778.754,484.101,1072.818,847.473,0.921305,1,0.790714,778.744,484.071,1072.754,847.545,0.921472,-0.000528,0.999468,0.042061,1,1,3.376075,0.711128,1.323937,1.341009,12.791,12.353,11.630
110,/home/hm25936/datasets_for_yolo/lab_images_6000/images/test/img_00111.jpg,1936,1216,1,0.857062,776.961,484.423,1064.901,812.658,0.877748,1,0.787627,777.389,484.398,1065.820,820.903,0.900151,1,0.786927,777.493,484.311,1065.798,821.396,0.901895,-0.000700,0.997845,0.206753,1,1,2.568256,0.539847,0.996468,1.031941,11.889,11.752,11.350
111,/home/hm25936/datasets_for_yolo/lab_images_6000/images/test/img_00112.jpg,1936,1216,1,0.881543,771.018,484.765,1056.832,807.353,0.936263,1,0.820847,771.311,484.684,1057.139,816.689,0.937441,1,0.820186,771.504,484.634,1057.144,816.954,0.937079,-0.000661,0.998358,0.146086,1,1,3.547076,0.896597,1.615773,1.034706,12.707,12.456,12.317
112,/home/hm25936/datasets_for_yolo/lab_images_6000/images/test/img_00113.jpg,1936,1216,1,0.901029,768.984,484.473,1050.681,803.352,0.958753,1,0.841305,769.294,484.338,1051.150,813.947,0.963233,1,0.840170,769.330,484.325,1051.208,814.146,0.962797,-0.001135,0.999021,0.104026,1,1,3.470445,0.780501,1.585697,1.104247,12.484,12.359,12.146
113,/home/hm25936/datasets_for_yolo/lab_images_6000/images/test/img_00114.jpg,1936,1216,1,0.897497,766.803,484.158,1045.910,821.280,0.923558,1,0.842100,767.002,483.998,1046.602,829.026,0.932979,1,0.840939,767.100,484.033,1046.575,828.977,0.933729,-0.001161,0.999309,0.036526,1,1,3.124270,0.735637,1.348206,1.040427,12.877,12.773,12.579
114,/home/hm25936/datasets_for_yolo/lab_images_6000/images/test/img_00115.jpg,1936,1216,1,0.905823,762.942,484.008,1041.446,808.197,0.933001,1,0.853468,763.073,483.886,1042.231,818.497,0.941197,1,0.852169,763.187,483.927,1042.044,818.406,0.940587,-0.001300,0.998532,0.043816,1,1,4.048946,1.065434,1.708569,1.274943,12.528,12.356,11.994
115,/home/hm25936/datasets_for_yolo/lab_images_6000/images/test/img_00116.jpg,1936,1216,1,0.905809,762.943,484.008,1041.438,808.153,0.999831,1,0.852169,763.187,483.927,1042.044,818.406,0.998532,1,0.850726,763.312,483.999,1041.848,818.222,0.998084,-0.001443,0.998084,0.066064,1,1,3.603513,0.809187,1.629761,1.164565,12.779,12.366,12.249
116,/home/hm25936/datasets_for_yolo/lab_images_6000/images/test/img_00117.jpg,1936,1216,1,0.902289,758.533,483.310,1036.704,807.399,0.963421,1,0.850649,758.654,483.296,1037.041,817.615,0.962317,1,0.849371,758.717,483.387,1036.985,817.358,0.962402,-0.001278,0.998533,0.083224,1,1,3.841121,0.907850,1.742200,1.191072,11.748,11.830,13.719
117,/home/hm25936/datasets_for_yolo/lab_images_6000/images/test/img_00118.jpg,1936,1216,1,0.902260,758.527,483.310,1036.708,807.341,0.999787,1,0.849371,758.717,483.387,1036.985,817.358,0.998533,1,0.848120,758.760,483.484,1036.930,817.016,0.998333,-0.001250,0.998333,0.122519,1,1,3.142473,0.770160,1.256194,1.116119,14.051,12.542,12.230
118,/home/hm25936/datasets_for_yolo/lab_images_6000/images/test/img_00119.jpg,1936,1216,1,0.909787,757.801,482.629,1034.515,819.353,0.952519,1,0.854369,757.984,482.817,1034.690,826.035,0.962710,1,0.853240,758.033,482.917,1034.789,825.595,0.963496,-0.001129,0.997896,0.185198,1,1,2.789029,0.664545,1.073106,1.051378,12.578,12.192,11.950
119,/home/hm25936/datasets_for_yolo/lab_images_6000/images/test/img_00120.jpg,1936,1216,1,0.909712,757.801,482.629,1034.515,819.356,0.999985,1,0.853240,758.033,482.917,1034.789,825.595,0.997896,1,0.852326,758.069,482.951,1034.879,825.292,0.998563,-0.000915,0.998563,0.148806,1,1,3.058710,1.015355,0.842843,1.200512,12.684,12.243,12.187
120,/home/hm25936/datasets_for_yolo/lab_images_6000/images/test/img_00121.jpg,1936,1216,1,0.909970,757.719,482.781,1031.854,813.243,0.971674,1,0.854831,757.983,483.094,1032.199,821.381,0.977774,1,0.854071,758.017,483.072,1032.512,821.043,0.978608,-0.000760,0.997675,0.249936,1,1,2.539888,0.559658,0.944073,1.036158,11.784,11.932,11.634
121,/home/hm25936/datasets_for_yolo/lab_images_6000/images/test/img_00122.jpg,1936,1216,1,0.821294,762.444,480.306,1039.315,823.684,0.921322,1,0.748576,763.252,480.693,1039.870,824.246,0.939737,1,0.747521,763.282,480.616,1040.188,823.729,0.940102,-0.001055,0.997020,0.344167,1,1,3.612288,0.798250,1.496877,1.317161,12.686,11.873,11.715
122,/home/hm25936/datasets_for_yolo/lab_images_6000/images/test/img_00123.jpg,1936,1216,1,0.821154,762.443,480.307,1039.317,823.762,0.999757,1,0.747521,763.282,480.616,1040.188,823.729,0.997020,1,0.746350,763.317,480.513,1040.322,823.144,0.997386,-0.001170,0.997386,0.353990,1,1,3.561874,0.839400,1.458793,1.263681,11.946,11.511,11.639
123,/home/hm25936/datasets_for_yolo/lab_images_6000/images/test/img_00124.jpg,1936,1216,1,0.851976,782.769,481.970,1084.872,795.814,0.736037,1,0.781589,783.098,482.510,1086.116,801.803,0.748462,1,0.779713,783.166,482.456,1086.272,801.694,0.749178,-0.001876,0.998746,0.139059,1,1,4.837480,0.616494,2.968341,1.252645,11.989,11.646,11.809
124,/home/hm25936/datasets_for_yolo/lab_images_6000/images/test/img_00125.jpg,1936,1216,1,0.859821,838.669,479.097,1098.722,830.313,0.709683,1,0.769632,841.004,479.452,1099.900,826.534,0.722331,1,0.767400,841.115,479.310,1099.890,825.922,0.723362,-0.002232,0.997360,0.380740,1,1,3.001984,0.633042,1.129951,1.238991,11.716,11.717,11.642
125,/home/hm25936/datasets_for_yolo/lab_images_6000/images/test/img_00126.jpg,1936,1216,1,0.859048,844.774,478.807,1099.040,822.913,0.954036,1,0.764336,847.476,479.091,1100.181,820.344,0.955621,1,0.762290,847.445,478.973,1099.988,819.792,0.957022,-0.002046,0.997151,0.353580,1,1,2.758854,0.748560,0.880405,1.129890,12.449,11.946,11.824
126,/home/hm25936/datasets_for_yolo/lab_images_6000/images/test/img_00127.jpg,1936,1216,1,0.858897,844.773,478.803,1099.041,822.892,0.999916,1,0.762290,847.445,478.973,1099.988,819.792,0.997151,1,0.760430,847.195,478.837,1099.629,819.173,0.995385,-0.001860,0.995385,0.484869,1,1,2.754605,0.544304,1.071220,1.139081,11.929,11.897,11.528
127,/home/hm25936/datasets_for_yolo/lab_images_6000/images/test/img_00128.jpg,1936,1216,1,0.866734,847.966,478.970,1098.499,821.383,0.980510,1,0.770130,850.429,479.053,1099.091,818.275,0.980021,1,0.768595,850.256,478.955,1098.608,817.621,0.978999,-0.001535,0.995152,0.499352,1,1,2.729921,0.527229,1.091260,1.111433,12.535,11.742,12.417
128,/home/hm25936/datasets_for_yolo/lab_images_6000/images/test/img_00129.jpg,1936,1216,1,0.852484,849.606,478.659,1098.935,834.275,0.955145,1,0.750214,851.795,478.695,1099.055,826.453,0.970088,1,0.748918,851.585,478.592,1098.479,825.879,0.969588,-0.001296,0.994882,0.519141,1,1,2.844666,0.554732,1.062269,1.227664,12.467,12.239,11.809
129,/home/hm25936/datasets_for_yolo/lab_images_6000/images/test/img_00130.jpg,1936,1216,1,0.781809,839.570,478.372,1098.996,853.484,0.911130,1,0.670981,841.382,478.392,1098.719,840.232,0.921035,1,0.670981,841.382,478.392,1098.719,840.232,0.920832,0.000000,1.000000,0.000000,0,0,,,,,13.098,12.767,12.256
130,/home/hm25936/datasets_for_yolo/lab_images_6000/images/test/img_00131.jpg,1936,1216,1,0.746156,826.270,478.044,1091.938,822.755,0.852228,1,0.654654,827.115,477.706,1091.543,818.393,0.866609,1,0.654654,827.115,477.706,1091.543,818.393,0.866609,0.000000,1.000000,0.000000,0,0,,,,,11.550,11.296,11.202
131,/home/hm25936/datasets_for_yolo/lab_images_6000/images/test/img_00132.jpg,1936,1216,1,0.611690,815.467,477.546,1069.367,831.783,0.857521,1,0.581711,815.724,478.516,1062.710,795.481,0.796981,1,0.581711,815.724,478.516,1062.710,795.481,0.796981,0.000000,1.000000,0.000000,0,0,,,,,12.479,12.294,11.520
132,/home/hm25936/datasets_for_yolo/lab_images_6000/images/test/img_00133.jpg,1936,1216,1,0.462229,803.367,477.841,1055.164,723.727,0.634316,1,0.465610,803.366,477.504,1055.985,728.942,0.737019,1,0.465610,803.366,477.504,1055.985,728.942,0.737019,0.000000,1.000000,0.000000,0,0,,,,,11.695,11.338,11.386
133,/home/hm25936/datasets_for_yolo/lab_images_6000/images/test/img_00134.jpg,1936,1216,1,0.840086,801.557,479.759,1038.227,884.376,0.570840,1,0.755100,803.131,479.818,1037.665,862.969,0.614347,1,0.753821,802.997,479.774,1037.117,862.407,0.614010,-0.001279,0.995516,0.456355,1,1,4.282841,0.683902,2.248941,1.349997,12.338,11.988,12.456
134,/home/hm25936/datasets_for_yolo/lab_images_6000/images/test/img_00135.jpg,1936,1216,1,0.719026,795.997,479.883,1034.882,879.155,0.950805,1,0.619721,797.443,479.909,1033.902,859.870,0.952848,1,0.619721,797.443,479.909,1033.902,859.870,0.956847,0.000000,1.000000,0.000000,0,0,,,,,12.764,12.256,11.865
135,/home/hm25936/datasets_for_yolo/lab_images_6000/images/test/img_00136.jpg,1936,1216,1,0.723903,795.760,479.639,1033.322,878.936,0.991341,1,0.622216,797.216,479.672,1032.345,859.694,0.991386,1,0.622216,797.216,479.672,1032.345,859.694,0.991386,0.000000,1.000000,0.000000,0,0,,,,,12.745,12.262,11.862
136,/home/hm25936/datasets_for_yolo/lab_images_6000/images/test/img_00137.jpg,1936,1216,1,0.701339,792.168,479.638,1030.368,857.732,0.921920,1,0.596782,793.623,479.683,1029.439,842.850,0.930249,1,0.596782,793.623,479.683,1029.439,842.850,0.930249,0.000000,1.000000,0.000000,0,0,,,,,12.057,11.403,11.995
137,/home/hm25936/datasets_for_yolo/lab_images_6000/images/test/img_00138.jpg,1936,1216,1,0.749332,787.562,480.097,1027.205,842.536,0.928653,1,0.643525,789.089,480.152,1026.338,832.293,0.939371,1,0.643525,789.089,480.152,1026.338,832.293,0.939371,0.000000,1.000000,0.000000,0,0,,,,,12.640,12.038,11.607
138,/home/hm25936/datasets_for_yolo/lab_images_6000/images/test/img_00139.jpg,1936,1216,1,0.786387,795.314,478.883,1024.066,844.879,0.945691,1,0.685153,796.673,478.936,1023.082,833.786,0.947352,1,0.685153,796.673,478.936,1023.082,833.786,0.947352,0.000000,1.000000,0.000000,0,0,,,,,11.713,11.550,11.712
139,/home/hm25936/datasets_for_yolo/lab_images_6000/images/test/img_00140.jpg,1936,1216,1,0.786387,795.314,478.883,1024.066,844.879,1.000000,1,0.685153,796.673,478.936,1023.082,833.786,1.000000,1,0.685153,796.673,478.936,1023.082,833.786,1.000000,0.000000,1.000000,0.000000,0,0,,,,,12.494,12.130,12.405
140,/home/hm25936/datasets_for_yolo/lab_images_6000/images/test/img_00141.jpg,1936,1216,1,0.774560,796.356,475.448,1023.459,838.929,0.967638,1,0.678030,797.732,475.571,1022.398,827.903,0.966752,1,0.678030,797.732,475.571,1022.398,827.903,0.966752,0.000000,1.000000,0.000000,0,0,,,,,11.470,11.488,11.369
141,/home/hm25936/datasets_for_yolo/lab_images_6000/images/test/img_00142.jpg,1936,1216,1,0.757828,794.831,474.246,1023.245,842.893,0.978501,1,0.654814,796.194,474.387,1022.248,830.582,0.981776,1,0.654814,796.194,474.387,1022.248,830.582,0.981776,0.000000,1.000000,0.000000,0,0,,,,,12.443,12.161,11.683
142,/home/hm25936/datasets_for_yolo/lab_images_6000/images/test/img_00143.jpg,1936,1216,1,0.799449,795.149,476.527,1017.479,811.114,0.883431,1,0.696040,796.568,476.619,1016.587,807.752,0.904819,1,0.696040,796.568,476.619,1016.587,807.752,0.904819,0.000000,1.000000,0.000000,0,0,,,,,11.641,11.366,11.572
143,/home/hm25936/datasets_for_yolo/lab_images_6000/images/test/img_00144.jpg,1936,1216,1,0.724573,795.102,466.461,1014.490,854.963,0.851056,1,0.606498,796.438,466.657,1013.632,839.066,0.878007,1,0.606498,796.438,466.657,1013.632,839.066,0.878007,0.000000,1.000000,0.000000,0,0,,,,,12.462,12.208,12.149
144,/home/hm25936/datasets_for_yolo/lab_images_6000/images/test/img_00145.jpg,1936,1216,1,0.711389,795.312,465.511,1010.455,891.744,0.895375,1,0.596866,796.569,465.827,1009.773,871.861,0.901712,1,0.596866,796.569,465.827,1009.773,871.861,0.901712,0.000000,1.000000,0.000000,0,0,,,,,11.848,11.411,11.711
145,/home/hm25936/datasets_for_yolo/lab_images_6000/images/test/img_00146.jpg,1936,1216,1,0.659624,1434.885,0.000,1934.617,937.418,0.000000,1,0.524308,794.454,456.714,1005.676,905.914,0.879436,1,0.524308,794.454,456.714,1005.676,905.914,0.879436,0.000000,1.000000,0.000000,0,0,,,,,12.492,12.012,11.675
146,/home/hm25936/datasets_for_yolo/lab_images_6000/images/test/img_00147.jpg,1936,1216,1,0.683317,1445.065,0.000,1934.960,930.058,0.971277,1,0.492888,1445.527,0.000,1936.000,918.796,0.000000,1,0.492888,1445.527,0.000,1936.000,918.796,0.000000,0.000000,1.000000,0.000000,0,0,,,,,11.665,11.282,11.502
147,/home/hm25936/datasets_for_yolo/lab_images_6000/images/test/img_00148.jpg,1936,1216,1,0.650543,1457.414,0.000,1935.355,937.424,0.966544,1,0.511455,800.357,465.201,1007.740,917.541,0.000000,1,0.511455,800.357,465.201,1007.740,917.541,0.000000,0.000000,1.000000,0.000000,0,0,,,,,12.368,11.853,12.046
148,/home/hm25936/datasets_for_yolo/lab_images_6000/images/test/img_00149.jpg,1936,1216,1,0.650543,1457.414,0.000,1935.355,937.424,1.000000,1,0.511455,800.357,465.201,1007.740,917.541,1.000000,1,0.511455,800.357,465.201,1007.740,917.541,1.000000,0.000000,1.000000,0.000000,0,0,,,,,13.347,11.717,11.308
149,/home/hm25936/datasets_for_yolo/lab_images_6000/images/test/img_00150.jpg,1936,1216,1,0.713452,800.357,474.792,1012.140,876.585,0.000000,1,0.609233,801.449,475.088,1011.499,857.232,0.827695,1,0.609233,801.449,475.088,1011.499,857.232,0.827695,0.000000,1.000000,0.000000,0,0,,,,,12.297,11.937,11.469
150,/home/hm25936/datasets_for_yolo/lab_images_6000/images/test/img_00151.jpg,1936,1216,1,0.626492,1466.634,0.000,1935.130,854.007,0.000000,1,0.439940,1467.446,0.000,1936.000,837.475,0.000000,1,0.439940,1467.446,0.000,1936.000,837.475,0.000000,0.000000,1.000000,0.000000,0,0,,,,,11.568,10.895,11.408
151,/home/hm25936/datasets_for_yolo/lab_images_6000/images/test/img_00152.jpg,1936,1216,1,0.536122,1458.602,0.000,1935.433,954.544,0.879036,1,0.374180,1451.328,0.000,1936.000,892.496,0.907145,1,0.374180,1451.328,0.000,1936.000,892.496,0.907145,0.000000,1.000000,0.000000,0,0,,,,,12.378,12.041,11.435
152,/home/hm25936/datasets_for_yolo/lab_images_6000/images/test/img_00153.jpg,1936,1216,1,0.585121,802.068,472.488,1004.933,927.573,0.000000,1,0.490945,802.946,472.940,1004.608,911.570,0.000000,1,0.490945,802.946,472.940,1004.608,911.570,0.000000,0.000000,1.000000,0.000000,0,0,,,,,11.573,11.279,11.453
153,/home/hm25936/datasets_for_yolo/lab_images_6000/images/test/img_00154.jpg,1936,1216,1,0.582878,797.782,477.392,1003.824,924.763,0.957783,1,0.495249,798.845,477.691,1003.596,909.186,0.959596,1,0.495249,798.845,477.691,1003.596,909.186,0.959596,0.000000,1.000000,0.000000,0,0,,,,,12.669,12.215,11.998
154,/home/hm25936/datasets_for_yolo/lab_images_6000/images/test/img_00155.jpg,1936,1216,1,0.509879,1464.418,0.000,1935.160,942.722,0.000000,1,0.349364,1465.260,0.000,1936.000,932.722,0.000000,1,0.349364,1465.260,0.000,1936.000,932.722,0.000000,0.000000,1.000000,0.000000,0,0,,,,,11.542,11.296,11.486
155,/home/hm25936/datasets_for_yolo/lab_images_6000/images/test/img_00156.jpg,1936,1216,1,0.416676,476.858,0.000,1936.000,1216.000,0.250113,1,0.267426,476.831,0.000,1936.000,1216.000,0.247454,1,0.267426,476.831,0.000,1936.000,1216.000,0.247454,0.000000,1.000000,0.000000,0,0,,,,,12.424,12.003,11.753
156,/home/hm25936/datasets_for_yolo/lab_images_6000/images/test/img_00157.jpg,1936,1216,1,0.468309,797.505,476.249,995.634,936.540,0.051398,1,0.393459,798.588,476.687,995.381,925.476,0.049775,1,0.393459,798.588,476.687,995.381,925.476,0.049775,0.000000,1.000000,0.000000,0,0,,,,,11.686,11.570,11.682
157,/home/hm25936/datasets_for_yolo/lab_images_6000/images/test/img_00158.jpg,1936,1216,1,0.316393,1661.714,9.551,1935.607,841.086,0.000000,1,0.217586,1663.595,9.501,1934.874,828.418,0.000000,1,0.217586,1663.595,9.501,1934.874,828.418,0.000000,0.000000,1.000000,0.000000,0,0,,,,,12.331,12.129,11.623
158,/home/hm25936/datasets_for_yolo/lab_images_6000/images/test/img_00159.jpg,1936,1216,1,0.335161,1723.668,9.774,1931.859,848.355,0.754900,1,0.258215,793.999,483.587,990.804,777.677,0.000000,1,0.258215,793.999,483.587,990.804,777.677,0.000000,0.000000,1.000000,0.000000,0,0,,,,,11.557,11.286,11.260
159,/home/hm25936/datasets_for_yolo/lab_images_6000/images/test/img_00160.jpg,1936,1216,1,0.305966,1510.016,0.000,1935.713,861.575,0.476007,1,0.285508,793.327,484.255,990.140,748.993,0.894409,1,0.285508,793.327,484.255,990.140,748.993,0.894409,0.000000,1.000000,0.000000,0,0,,,,,12.362,12.106,11.521
160,/home/hm25936/datasets_for_yolo/lab_images_6000/images/test/img_00161.jpg,1936,1216,1,0.224146,1627.070,0.000,1935.800,1003.966,0.647311,1,0.155925,1629.716,0.000,1935.294,1001.589,0.000000,1,0.155925,1629.716,0.000,1935.294,1001.589,0.000000,0.000000,1.000000,0.000000,0,0,,,,,11.778,11.509,11.631
161,/home/hm25936/datasets_for_yolo/lab_images_6000/images/test/img_00162.jpg,1936,1216,1,0.224146,1627.070,0.000,1935.800,1003.966,1.000000,1,0.155925,1629.716,0.000,1935.294,1001.589,1.000000,1,0.155925,1629.716,0.000,1935.294,1001.589,1.000000,0.000000,1.000000,0.000000,0,0,,,,,12.684,11.973,11.817
162,/home/hm25936/datasets_for_yolo/lab_images_6000/images/test/img_00163.jpg,1936,1216,1,0.721959,316.524,0.000,1936.000,1216.000,0.157394,1,0.521930,316.500,0.000,1936.000,1216.000,0.155416,1,0.521930,316.500,0.000,1936.000,1216.000,0.155416,0.000000,1.000000,0.000000,0,0,,,,,13.086,11.448,11.454
163,/home/hm25936/datasets_for_yolo/lab_images_6000/images/test/img_00164.jpg,1936,1216,1,0.557669,443.302,0.000,1936.000,1216.000,0.921717,1,0.360572,443.314,0.000,1936.000,1216.000,0.921696,1,0.360572,443.314,0.000,1936.000,1216.000,0.921696,0.000000,1.000000,0.000000,0,0,,,,,12.227,11.748,11.446
164,/home/hm25936/datasets_for_yolo/lab_images_6000/images/test/img_00165.jpg,1936,1216,1,0.557669,443.302,0.000,1936.000,1216.000,1.000000,1,0.360572,443.314,0.000,1936.000,1216.000,1.000000,1,0.360572,443.314,0.000,1936.000,1216.000,1.000000,0.000000,1.000000,0.000000,0,0,,,,,11.144,11.046,11.057
165,/home/hm25936/datasets_for_yolo/lab_images_6000/images/test/img_00166.jpg,1936,1216,1,0.211999,842.025,480.166,1026.401,735.788,0.025966,1,0.213486,842.012,481.395,1026.216,739.714,0.026215,1,0.213486,842.012,481.395,1026.216,739.714,0.026215,0.000000,1.000000,0.000000,0,0,,,,,12.000,11.883,11.368
166,/home/hm25936/datasets_for_yolo/lab_images_6000/images/test/img_00167.jpg,1936,1216,1,0.271354,1683.609,132.858,1933.376,828.801,0.000000,1,0.186431,1685.049,132.949,1932.443,820.124,0.000000,1,0.186431,1685.049,132.949,1932.443,820.124,0.000000,0.000000,1.000000,0.000000,0,0,,,,,11.425,11.207,11.517
167,/home/hm25936/datasets_for_yolo/lab_images_6000/images/test/img_00168.jpg,1936,1216,1,0.271354,1683.609,132.858,1933.376,828.801,1.000000,1,0.186431,1685.049,132.949,1932.443,820.124,1.000000,1,0.186431,1685.049,132.949,1932.443,820.124,1.000000,0.000000,1.000000,0.000000,0,0,,,,,12.403,11.896,11.446
168,/home/hm25936/datasets_for_yolo/lab_images_6000/images/test/img_00169.jpg,1936,1216,1,0.425058,838.209,476.699,1026.313,749.433,0.000000,1,0.427545,838.198,477.574,1026.178,757.007,0.000000,1,0.427545,838.198,477.574,1026.178,757.007,0.000000,0.000000,1.000000,0.000000,0,0,,,,,12.399,11.409,11.410
169,/home/hm25936/datasets_for_yolo/lab_images_6000/images/test/img_00170.jpg,1936,1216,1,0.425058,838.209,476.699,1026.313,749.433,1.000000,1,0.427545,838.198,477.574,1026.178,757.007,1.000000,1,0.427545,838.198,477.574,1026.178,757.007,1.000000,0.000000,1.000000,0.000000,0,0,,,,,12.554,12.100,11.557
170,/home/hm25936/datasets_for_yolo/lab_images_6000/images/test/img_00171.jpg,1936,1216,1,0.277209,1728.046,84.082,1931.885,814.384,0.000000,1,0.215140,836.111,477.676,1028.819,741.200,0.921211,1,0.215140,836.111,477.676,1028.819,741.200,0.921211,0.000000,1.000000,0.000000,0,0,,,,,11.605,11.234,11.545
171,/home/hm25936/datasets_for_yolo/lab_images_6000/images/test/img_00172.jpg,1936,1216,1,0.310029,59.686,457.443,1781.589,1191.404,0.013714,1,0.247843,819.871,478.443,1025.597,757.838,0.851483,1,0.247843,819.871,478.443,1025.597,757.838,0.851483,0.000000,1.000000,0.000000,0,0,,,,,12.276,14.451,11.850
172,/home/hm25936/datasets_for_yolo/lab_images_6000/images/test/img_00173.jpg,1936,1216,1,0.708821,379.448,0.000,1936.000,1216.000,0.483730,1,0.503323,379.437,0.000,1936.000,1216.000,0.030367,1,0.503323,379.437,0.000,1936.000,1216.000,0.030367,0.000000,1.000000,0.000000,0,0,,,,,11.204,11.008,11.146
173,/home/hm25936/datasets_for_yolo/lab_images_6000/images/test/img_00174.jpg,1936,1216,1,0.368601,389.800,0.363,1936.000,1216.000,0.993053,1,0.231180,389.797,0.331,1936.000,1216.000,0.993074,1,0.231180,389.797,0.331,1936.000,1216.000,0.993074,0.000000,1.000000,0.000000,0,0,,,,,12.206,11.823,11.519
174,/home/hm25936/datasets_for_yolo/lab_images_6000/images/test/img_00175.jpg,1936,1216,1,0.652766,770.738,478.301,962.934,732.457,0.025988,1,0.655628,770.738,479.528,962.758,735.184,0.026117,1,0.655628,770.738,479.528,962.758,735.184,0.026117,0.000000,1.000000,0.000000,0,0,,,,,11.345,11.708,11.722
175,/home/hm25936/datasets_for_yolo/lab_images_6000/images/test/img_00176.jpg,1936,1216,1,0.664403,770.357,477.485,964.444,732.574,0.986639,1,0.666842,770.362,478.586,964.256,735.546,0.985311,1,0.666842,770.362,478.586,964.256,735.546,0.985311,0.000000,1.000000,0.000000,0,0,,,,,12.093,11.743,11.459
176,/home/hm25936/datasets_for_yolo/lab_images_6000/images/test/img_00177.jpg,1936,1216,1,0.664403,770.357,477.485,964.444,732.574,1.000000,1,0.666842,770.362,478.586,964.256,735.546,1.000000,1,0.666842,770.362,478.586,964.256,735.546,1.000000,0.000000,1.000000,0.000000,0,0,,,,,11.291,12.140,12.329
177,/home/hm25936/datasets_for_yolo/lab_images_6000/images/test/img_00178.jpg,1936,1216,1,0.705335,769.880,477.978,965.708,738.682,0.966077,1,0.707982,769.883,479.203,965.483,743.603,0.958855,1,0.707982,769.883,479.203,965.483,743.603,0.958855,0.000000,1.000000,0.000000,0,0,,,,,12.243,12.594,11.539
178,/home/hm25936/datasets_for_yolo/lab_images_6000/images/test/img_00179.jpg,1936,1216,1,0.653870,769.581,477.570,966.269,735.192,0.980824,1,0.656547,769.583,478.728,966.053,739.686,0.979127,1,0.656547,769.583,478.728,966.053,739.686,0.979127,0.000000,1.000000,0.000000,0,0,,,,,11.492,11.145,11.072
179,/home/hm25936/datasets_for_yolo/lab_images_6000/images/test/img_00180.jpg,1936,1216,1,0.601247,767.367,478.782,966.547,732.144,0.971364,1,0.604018,767.375,480.188,966.296,735.128,0.965173,1,0.604018,767.375,480.188,966.296,735.128,0.965173,0.000000,1.000000,0.000000,0,0,,,,,12.147,11.725,11.194
180,/home/hm25936/datasets_for_yolo/lab_images_6000/images/test/img_00181.jpg,1936,1216,1,0.545687,763.564,481.174,965.276,728.422,0.951907,1,0.548495,763.576,482.930,965.076,730.747,0.948492,1,0.548495,763.576,482.930,965.076,730.747,0.948492,0.000000,1.000000,0.000000,0,0,,,,,11.488,11.039,11.258
181,/home/hm25936/datasets_for_yolo/lab_images_6000/images/test/img_00182.jpg,1936,1216,1,0.802095,425.136,0.000,1936.000,1216.000,0.027146,1,0.577872,425.120,0.000,1936.000,1216.000,0.027179,1,0.577872,425.120,0.000,1936.000,1216.000,0.027179,0.000000,1.000000,0.000000,0,0,,,,,12.197,11.559,11.258
182,/home/hm25936/datasets_for_yolo/lab_images_6000/images/test/img_00183.jpg,1936,1216,1,0.802095,425.136,0.000,1936.000,1216.000,1.000000,1,0.577872,425.120,0.000,1936.000,1216.000,1.000000,1,0.577872,425.120,0.000,1936.000,1216.000,1.000000,0.000000,1.000000,0.000000,0,0,,,,,11.185,10.950,11.665
183,/home/hm25936/datasets_for_yolo/lab_images_6000/images/test/img_00184.jpg,1936,1216,1,0.214180,0.000,451.520,1247.079,1216.000,0.290608,1,0.202231,785.135,480.858,998.549,765.632,0.033079,1,0.202231,785.135,480.858,998.549,765.632,0.033079,0.000000,1.000000,0.000000,0,0,,,,,12.069,11.771,11.362
184,/home/hm25936/datasets_for_yolo/lab_images_6000/images/test/img_00185.jpg,1936,1216,1,0.518709,801.352,479.979,1005.330,755.809,0.059015,1,0.521620,801.351,481.555,1005.126,767.082,0.890063,1,0.521620,801.351,481.555,1005.126,767.082,0.890063,0.000000,1.000000,0.000000,0,0,,,,,11.220,10.722,11.252
185,/home/hm25936/datasets_for_yolo/lab_images_6000/images/test/img_00186.jpg,1936,1216,1,0.561304,797.549,481.375,1003.301,736.633,0.900674,1,0.563920,797.559,483.266,1003.059,743.768,0.888023,1,0.563920,797.559,483.266,1003.059,743.768,0.888023,0.000000,1.000000,0.000000,0,0,,,,,12.552,11.797,11.679
186,/home/hm25936/datasets_for_yolo/lab_images_6000/images/test/img_00187.jpg,1936,1216,1,0.438490,786.545,482.759,998.164,733.757,0.910859,1,0.441248,786.564,484.781,997.859,737.303,0.898249,1,0.441248,786.564,484.781,997.859,737.303,0.898249,0.000000,1.000000,0.000000,0,0,,,,,11.466,11.577,11.591
187,/home/hm25936/datasets_for_yolo/lab_images_6000/images/test/img_00188.jpg,1936,1216,1,0.438490,786.545,482.759,998.164,733.757,1.000000,1,0.441248,786.564,484.781,997.859,737.303,1.000000,1,0.441248,786.564,484.781,997.859,737.303,1.000000,0.000000,1.000000,0.000000,0,0,,,,,12.505,12.010,11.733
188,/home/hm25936/datasets_for_yolo/lab_images_6000/images/test/img_00189.jpg,1936,1216,1,0.383385,382.152,0.000,1936.000,1182.531,0.028907,1,0.261675,781.219,482.579,994.832,732.063,0.933857,1,0.261675,781.219,482.579,994.832,732.063,0.933857,0.000000,1.000000,0.000000,0,0,,,,,11.381,11.291,11.161
189,/home/hm25936/datasets_for_yolo/lab_images_6000/images/test/img_00190.jpg,1936,1216,1,0.753523,595.106,0.000,1936.000,1198.477,0.853024,1,0.548016,594.769,0.000,1936.000,1198.462,0.033154,1,0.548016,594.769,0.000,1936.000,1198.462,0.033154,0.000000,1.000000,0.000000,0,0,,,,,12.151,11.850,11.431
190,/home/hm25936/datasets_for_yolo/lab_images_6000/images/test/img_00191.jpg,1936,1216,1,0.793059,498.198,0.000,1936.000,1185.561,0.923220,1,0.591934,498.419,0.000,1936.000,1185.576,0.923612,1,0.591934,498.419,0.000,1936.000,1185.576,0.923612,0.000000,1.000000,0.000000,0,0,,,,,11.385,11.116,10.912
191,/home/hm25936/datasets_for_yolo/lab_images_6000/images/test/img_00192.jpg,1936,1216,1,0.755212,517.495,0.000,1936.000,1198.376,0.976169,1,0.548103,517.338,0.000,1936.000,1198.361,0.976449,1,0.548103,517.338,0.000,1936.000,1198.361,0.976449,0.000000,1.000000,0.000000,0,0,,,,,12.215,11.889,11.327
192,/home/hm25936/datasets_for_yolo/lab_images_6000/images/test/img_00193.jpg,1936,1216,1,0.557818,471.592,0.000,1936.000,1191.896,0.963580,1,0.488321,769.740,481.574,991.376,761.866,0.036541,1,0.488321,769.740,481.574,991.376,761.866,0.036541,0.000000,1.000000,0.000000,0,0,,,,,11.623,11.317,11.483
193,/home/hm25936/datasets_for_yolo/lab_images_6000/images/test/img_00194.jpg,1936,1216,1,0.765878,578.344,0.000,1936.000,1206.624,0.916602,1,0.557182,578.146,0.000,1936.000,1206.629,0.037916,1,0.557182,578.146,0.000,1936.000,1206.629,0.037916,0.000000,1.000000,0.000000,0,0,,,,,12.176,11.632,11.388
194,/home/hm25936/datasets_for_yolo/lab_images_6000/images/test/img_00195.jpg,1936,1216,1,0.758209,608.430,0.000,1936.000,1209.001,0.975959,1,0.593747,762.555,478.183,989.778,755.496,0.038459,1,0.593747,762.555,478.183,989.778,755.496,0.038459,0.000000,1.000000,0.000000,0,0,,,,,11.468,11.037,11.350
195,/home/hm25936/datasets_for_yolo/lab_images_6000/images/test/img_00196.jpg,1936,1216,1,0.620220,761.174,476.307,991.036,757.858,0.040322,1,0.623296,761.075,477.698,990.899,770.879,0.935172,1,0.623296,761.075,477.698,990.899,770.879,0.935172,0.000000,1.000000,0.000000,0,0,,,,,12.171,11.663,11.438
196,/home/hm25936/datasets_for_yolo/lab_images_6000/images/test/img_00197.jpg,1936,1216,1,0.696145,707.862,0.000,1936.000,1207.227,0.043650,1,0.491926,707.949,0.000,1936.000,1207.187,0.045451,1,0.491926,707.949,0.000,1936.000,1207.187,0.045451,0.000000,1.000000,0.000000,0,0,,,,,11.144,10.968,11.246
197,/home/hm25936/datasets_for_yolo/lab_images_6000/images/test/img_00198.jpg,1936,1216,1,0.448535,759.239,476.966,988.499,753.182,0.042711,1,0.451594,759.135,478.537,988.302,766.909,0.044577,1,0.451594,759.135,478.537,988.302,766.909,0.044577,0.000000,1.000000,0.000000,0,0,,,,,12.182,11.502,11.357
198,/home/hm25936/datasets_for_yolo/lab_images_6000/images/test/img_00199.jpg,1936,1216,1,0.469050,708.767,0.000,1936.000,1182.557,0.043634,1,0.335754,758.569,478.993,988.904,774.528,0.967792,1,0.335754,758.569,478.993,988.904,774.528,0.967792,0.000000,1.000000,0.000000,0,0,,,,,11.280,11.164,11.361
199,/home/hm25936/datasets_for_yolo/lab_images_6000/images/test/img_00200.jpg,1936,1216,1,0.358242,732.215,0.000,1936.000,1195.981,0.970092,1,0.231628,828.915,793.604,1012.964,1145.357,0.000000,1,0.231628,828.915,793.604,1012.964,1145.357,0.000000,0.000000,1.000000,0.000000,0,0,,,,,11.951,11.656,11.335
200,/home/hm25936/datasets_for_yolo/lab_images_6000/images/test/img_00201.jpg,1936,1216,1,0.453634,729.269,0.000,1936.000,1187.851,0.990795,1,0.288080,729.188,0.000,1936.000,1187.803,0.045163,1,0.288080,729.188,0.000,1936.000,1187.803,0.045163,0.000000,1.000000,0.000000,0,0,,,,,10.883,11.085,11.117
201,/home/hm25936/datasets_for_yolo/lab_images_6000/images/test/img_00202.jpg,1936,1216,1,0.401929,757.473,478.394,991.489,744.083,0.043376,1,0.404637,757.376,480.367,991.161,757.118,0.045136,1,0.404637,757.376,480.367,991.161,757.118,0.045136,0.000000,1.000000,0.000000,0,0,,,,,12.113,11.505,11.467
202,/home/hm25936/datasets_for_yolo/lab_images_6000/images/test/img_00203.jpg,1936,1216,1,0.421023,755.031,478.301,988.739,740.462,0.964519,1,0.423840,754.927,480.261,988.462,751.669,0.958777,1,0.423840,754.927,480.261,988.462,751.669,0.958777,0.000000,1.000000,0.000000,0,0,,,,,11.254,11.117,11.284
203,/home/hm25936/datasets_for_yolo/lab_images_6000/images/test/img_00204.jpg,1936,1216,1,0.477813,741.639,0.000,1936.000,1190.441,0.043092,1,0.464320,752.670,480.324,988.372,779.178,0.898762,1,0.464320,752.670,480.324,988.372,779.178,0.898762,0.000000,1.000000,0.000000,0,0,,,,,12.268,11.960,11.551
204,/home/hm25936/datasets_for_yolo/lab_images_6000/images/test/img_00205.jpg,1936,1216,1,0.481247,750.171,478.102,991.166,1063.534,0.099230,1,0.447517,749.242,479.043,990.516,751.882,0.885753,1,0.447517,749.242,479.043,990.516,751.882,0.885753,0.000000,1.000000,0.000000,0,0,,,,,11.501,11.215,11.063
205,/home/hm25936/datasets_for_yolo/lab_images_6000/images/test/img_00206.jpg,1936,1216,1,0.540652,751.742,478.493,996.226,738.957,0.437917,1,0.543266,751.645,480.501,995.871,748.903,0.953127,1,0.543266,751.645,480.501,995.871,748.903,0.953127,0.000000,1.000000,0.000000,0,0,,,,,13.921,11.871,11.267
206,/home/hm25936/datasets_for_yolo/lab_images_6000/images/test/img_00207.jpg,1936,1216,1,0.586566,749.968,478.446,996.760,746.806,0.961500,1,0.589563,749.884,480.425,996.375,758.217,0.957322,1,0.589563,749.884,480.425,996.375,758.217,0.957322,0.000000,1.000000,0.000000,0,0,,,,,12.024,12.220,11.707
207,/home/hm25936/datasets_for_yolo/lab_images_6000/images/test/img_00208.jpg,1936,1216,1,0.586566,749.968,478.446,996.760,746.806,1.000000,1,0.589563,749.884,480.425,996.375,758.217,1.000000,1,0.589563,749.884,480.425,996.375,758.217,1.000000,0.000000,1.000000,0.000000,0,0,,,,,12.275,11.656,11.495
208,/home/hm25936/datasets_for_yolo/lab_images_6000/images/test/img_00209.jpg,1936,1216,1,0.615397,748.632,477.204,997.745,736.867,0.949921,1,0.618200,748.562,478.815,997.355,743.677,0.933932,1,0.618200,748.562,478.815,997.355,743.677,0.933932,0.000000,1.000000,0.000000,0,0,,,,,11.322,11.101,11.197
209,/home/hm25936/datasets_for_yolo/lab_images_6000/images/test/img_00210.jpg,1936,1216,1,0.615347,749.106,478.046,998.822,734.316,0.980875,1,0.618307,749.035,479.902,998.330,741.833,0.983241,1,0.618307,749.035,479.902,998.330,741.833,0.983241,0.000000,1.000000,0.000000,0,0,,,,,12.192,11.682,11.382
210,/home/hm25936/datasets_for_yolo/lab_images_6000/images/test/img_00211.jpg,1936,1216,1,0.662770,750.781,478.482,1000.387,730.989,0.972694,1,0.665389,750.710,480.413,999.891,735.181,0.960267,1,0.665389,750.710,480.413,999.891,735.181,0.960267,0.000000,1.000000,0.000000,0,0,,,,,11.215,11.126,11.136
211,/home/hm25936/datasets_for_yolo/lab_images_6000/images/test/img_00212.jpg,1936,1216,1,0.598969,746.835,0.000,1936.000,927.449,0.057147,1,0.486384,750.563,478.576,1002.646,759.348,0.896936,1,0.486384,750.563,478.576,1002.646,759.348,0.896936,0.000000,1.000000,0.000000,0,0,,,,,11.960,11.371,11.246
212,/home/hm25936/datasets_for_yolo/lab_images_6000/images/test/img_00213.jpg,1936,1216,1,0.589330,752.536,479.141,1009.665,861.358,0.089110,1,0.584467,751.640,480.213,1008.150,754.039,0.950845,1,0.584467,751.640,480.213,1008.150,754.039,0.950845,0.000000,1.000000,0.000000,0,0,,,,,11.015,11.010,11.137
213,/home/hm25936/datasets_for_yolo/lab_images_6000/images/test/img_00214.jpg,1936,1216,1,0.639491,752.313,476.836,1017.503,740.349,0.665018,1,0.642409,752.199,478.505,1017.964,745.980,0.927997,1,0.642409,752.199,478.505,1017.964,745.980,0.927997,0.000000,1.000000,0.000000,0,0,,,,,11.794,11.791,11.203
214,/home/hm25936/datasets_for_yolo/lab_images_6000/images/test/img_00215.jpg,1936,1216,1,0.650542,754.859,477.111,1021.310,730.124,0.938005,1,0.653654,754.716,478.978,1022.126,733.250,0.927822,1,0.653654,754.716,478.978,1022.126,733.250,0.927822,0.000000,1.000000,0.000000,0,0,,,,,11.198,10.981,10.920
215,/home/hm25936/datasets_for_yolo/lab_images_6000/images/test/img_00216.jpg,1936,1216,1,0.586521,759.001,480.027,1029.927,850.720,0.641634,1,0.574587,758.508,479.458,1028.775,745.943,0.915079,1,0.574587,758.508,479.458,1028.775,745.943,0.915079,0.000000,1.000000,0.000000,0,0,,,,,11.901,11.748,11.371
216,/home/hm25936/datasets_for_yolo/lab_images_6000/images/test/img_00217.jpg,1936,1216,1,0.727417,758.995,480.329,1032.196,830.649,0.937601,1,0.710126,758.307,478.867,1028.143,769.237,0.915093,1,0.710126,758.307,478.867,1028.143,769.237,0.915093,0.000000,1.000000,0.000000,0,0,,,,,11.751,11.381,11.354
217,/home/hm25936/datasets_for_yolo/lab_images_6000/images/test/img_00218.jpg,1936,1216,1,0.691720,757.253,480.357,1033.156,839.289,0.966293,1,0.681361,756.074,478.845,1028.597,775.009,0.970772,1,0.681361,756.074,478.845,1028.597,775.009,0.970772,0.000000,1.000000,0.000000,0,0,,,,,12.778,12.306,11.769
218,/home/hm25936/datasets_for_yolo/lab_images_6000/images/test/img_00219.jpg,1936,1216,1,0.691720,757.253,480.357,1033.156,839.289,1.000000,1,0.681361,756.074,478.845,1028.597,775.009,1.000000,1,0.681361,756.074,478.845,1028.597,775.009,1.000000,0.000000,1.000000,0.000000,0,0,,,,,11.665,11.577,11.958
219,/home/hm25936/datasets_for_yolo/lab_images_6000/images/test/img_00220.jpg,1936,1216,1,0.755996,752.559,478.173,1029.836,730.737,0.676999,1,0.758690,752.390,480.395,1030.913,734.183,0.841050,1,0.758690,752.390,480.395,1030.913,734.183,0.841050,0.000000,1.000000,0.000000,0,0,,,,,12.020,11.740,12.106
220,/home/hm25936/datasets_for_yolo/lab_images_6000/images/test/img_00221.jpg,1936,1216,1,0.730437,739.120,478.365,1025.344,740.525,0.903177,1,0.733434,739.137,480.649,1026.137,745.464,0.898046,1,0.733434,739.137,480.649,1026.137,745.464,0.898046,0.000000,1.000000,0.000000,0,0,,,,,11.186,11.135,11.216
221,/home/hm25936/datasets_for_yolo/lab_images_6000/images/test/img_00222.jpg,1936,1216,1,0.730437,739.120,478.365,1025.344,740.525,1.000000,1,0.733434,739.137,480.649,1026.137,745.464,1.000000,1,0.733434,739.137,480.649,1026.137,745.464,1.000000,0.000000,1.000000,0.000000,0,0,,,,,11.767,11.657,11.293
222,/home/hm25936/datasets_for_yolo/lab_images_6000/images/test/img_00223.jpg,1936,1216,1,0.781293,737.125,481.847,1022.408,796.084,0.801735,1,0.705410,735.426,480.664,1022.708,741.781,0.961992,1,0.705410,735.426,480.664,1022.708,741.781,0.961992,0.000000,1.000000,0.000000,0,0,,,,,11.167,11.090,10.993
223,/home/hm25936/datasets_for_yolo/lab_images_6000/images/test/img_00224.jpg,1936,1216,1,0.777692,731.358,482.688,1021.455,760.096,0.864423,1,0.769885,730.541,482.495,1020.492,737.553,0.953430,1,0.769885,730.541,482.495,1020.492,737.553,0.953430,0.000000,1.000000,0.000000,0,0,,,,,11.922,11.518,11.190
224,/home/hm25936/datasets_for_yolo/lab_images_6000/images/test/img_00225.jpg,1936,1216,1,0.709346,727.193,480.572,1019.936,739.457,0.901830,1,0.712339,727.178,483.327,1020.412,750.354,0.938009,1,0.712339,727.178,483.327,1020.412,750.354,0.938009,0.000000,1.000000,0.000000,0,0,,,,,11.477,11.008,11.090
225,/home/hm25936/datasets_for_yolo/lab_images_6000/images/test/img_00226.jpg,1936,1216,1,0.709346,727.193,480.572,1019.936,739.457,1.000000,1,0.712339,727.178,483.327,1020.412,750.354,1.000000,1,0.712339,727.178,483.327,1020.412,750.354,1.000000,0.000000,1.000000,0.000000,0,0,,,,,12.299,12.166,11.255
226,/home/hm25936/datasets_for_yolo/lab_images_6000/images/test/img_00227.jpg,1936,1216,1,0.698888,726.975,479.367,1020.536,741.440,0.985089,1,0.701801,726.968,481.912,1021.035,753.016,0.982170,1,0.701801,726.968,481.912,1021.035,753.016,0.982170,0.000000,1.000000,0.000000,0,0,,,,,11.184,10.853,11.109
227,/home/hm25936/datasets_for_yolo/lab_images_6000/images/test/img_00228.jpg,1936,1216,1,0.770855,727.394,481.418,1023.496,769.291,0.886828,1,0.736078,727.285,480.249,1023.082,738.387,0.933117,1,0.736078,727.285,480.249,1023.082,738.387,0.933117,0.000000,1.000000,0.000000,0,0,,,,,11.973,11.479,11.136
228,/home/hm25936/datasets_for_yolo/lab_images_6000/images/test/img_00229.jpg,1936,1216,1,0.697267,722.105,480.253,1021.890,736.315,0.863454,1,0.700439,722.093,482.923,1022.455,744.611,0.947874,1,0.700439,722.093,482.923,1022.455,744.611,0.947874,0.000000,1.000000,0.000000,0,0,,,,,11.139,10.842,11.171
229,/home/hm25936/datasets_for_yolo/lab_images_6000/images/test/img_00230.jpg,1936,1216,1,0.697267,722.105,480.253,1021.890,736.315,1.000000,1,0.700439,722.093,482.923,1022.455,744.611,1.000000,1,0.700439,722.093,482.923,1022.455,744.611,1.000000,0.000000,1.000000,0.000000,0,0,,,,,12.108,11.617,11.249
230,/home/hm25936/datasets_for_yolo/lab_images_6000/images/test/img_00231.jpg,1936,1216,1,0.781389,722.137,484.556,1021.928,779.670,0.840649,1,0.725438,719.466,484.849,1021.102,748.789,0.964334,1,0.725438,719.466,484.849,1021.102,748.789,0.964334,0.000000,1.000000,0.000000,0,0,,,,,11.267,10.480,11.246
231,/home/hm25936/datasets_for_yolo/lab_images_6000/images/test/img_00232.jpg,1936,1216,1,0.674559,706.194,484.507,1022.052,823.980,0.825110,1,0.560820,707.518,484.028,1027.161,825.654,0.729077,1,0.560820,707.518,484.028,1027.161,825.654,0.729077,0.000000,1.000000,0.000000,0,0,,,,,12.044,11.461,11.008
232,/home/hm25936/datasets_for_yolo/lab_images_6000/images/test/img_00233.jpg,1936,1216,1,0.844499,664.278,0.000,1936.000,1216.000,0.069338,1,0.617834,664.280,0.000,1936.000,1216.000,0.070614,1,0.617834,664.280,0.000,1936.000,1216.000,0.070614,0.000000,1.000000,0.000000,0,0,,,,,11.848,10.780,10.901
233,/home/hm25936/datasets_for_yolo/lab_images_6000/images/test/img_00234.jpg,1936,1216,1,0.760701,647.377,0.000,1936.000,1141.076,0.926826,1,0.523999,647.376,0.000,1936.000,1141.166,0.926897,1,0.523999,647.376,0.000,1936.000,1141.166,0.926897,0.000000,1.000000,0.000000,0,0,,,,,11.929,11.364,11.121
234,/home/hm25936/datasets_for_yolo/lab_images_6000/images/test/img_00235.jpg,1936,1216,1,0.876832,644.264,482.454,961.580,815.738,0.071167,1,0.788831,645.568,481.624,966.819,821.510,0.073802,1,0.788831,645.568,481.624,966.819,821.510,0.073802,0.000000,1.000000,0.000000,0,0,,,,,11.076,11.479,11.701
235,/home/hm25936/datasets_for_yolo/lab_images_6000/images/test/img_00236.jpg,1936,1216,1,0.858968,640.711,483.037,959.903,825.493,0.954213,1,0.766917,641.505,482.233,965.151,827.434,0.963933,1,0.765498,641.432,482.239,965.048,827.077,0.964383,-0.001419,0.998403,0.196803,1,1,2.893079,0.876942,0.910711,1.105425,12.052,11.539,12.076
236,/home/hm25936/datasets_for_yolo/lab_images_6000/images/test/img_00237.jpg,1936,1216,1,0.719465,640.707,482.366,961.361,958.641,0.715751,1,0.600494,641.804,483.024,964.737,932.297,0.763950,1,0.600494,641.804,483.024,964.737,932.297,0.763224,0.000000,1.000000,0.000000,0,0,,,,,11.987,11.939,11.638
237,/home/hm25936/datasets_for_yolo/lab_images_6000/images/test/img_00238.jpg,1936,1216,1,0.719465,640.707,482.366,961.361,958.641,1.000000,1,0.600494,641.804,483.024,964.737,932.297,1.000000,1,0.600494,641.804,483.024,964.737,932.297,1.000000,0.000000,1.000000,0.000000,0,0,,,,,12.588,12.155,11.563
238,/home/hm25936/datasets_for_yolo/lab_images_6000/images/test/img_00239.jpg,1936,1216,1,0.827411,641.869,499.866,962.876,916.637,0.868298,1,0.714409,643.035,498.480,966.579,892.198,0.868661,1,0.712361,642.927,498.478,966.220,891.512,0.868292,-0.002049,0.996810,0.416026,1,1,3.077171,0.691759,1.138370,1.247042,11.458,11.525,11.657
239,/home/hm25936/datasets_for_yolo/lab_images_6000/images/test/img_00240.jpg,1936,1216,1,0.770598,641.191,0.000,1936.000,1205.387,0.085719,1,0.632879,643.864,503.734,967.872,871.307,0.927742,1,0.632879,643.864,503.734,967.872,871.307,0.928074,0.000000,1.000000,0.000000,0,0,,,,,12.097,11.320,11.325
240,/home/hm25936/datasets_for_yolo/lab_images_6000/images/test/img_00241.jpg,1936,1216,1,0.770598,641.191,0.000,1936.000,1205.387,1.000000,1,0.632879,643.864,503.734,967.872,871.307,1.000000,1,0.632879,643.864,503.734,967.872,871.307,1.000000,0.000000,1.000000,0.000000,0,0,,,,,11.176,11.273,11.196
241,/home/hm25936/datasets_for_yolo/lab_images_6000/images/test/img_00242.jpg,1936,1216,1,0.678363,638.250,0.000,1936.000,1197.310,0.991063,1,0.549120,642.617,503.756,969.440,888.881,0.946095,1,0.549120,642.617,503.756,969.440,888.881,0.946095,0.000000,1.000000,0.000000,0,0,,,,,11.939,11.519,11.312
242,/home/hm25936/datasets_for_yolo/lab_images_6000/images/test/img_00243.jpg,1936,1216,1,0.678363,638.250,0.000,1936.000,1197.310,1.000000,1,0.549120,642.617,503.756,969.440,888.881,1.000000,1,0.549120,642.617,503.756,969.440,888.881,1.000000,0.000000,1.000000,0.000000,0,0,,,,,11.020,10.959,10.953
243,/home/hm25936/datasets_for_yolo/lab_images_6000/images/test/img_00244.jpg,1936,1216,1,0.724742,639.407,0.000,1936.000,1199.423,0.997350,1,0.592639,639.379,502.267,971.265,908.241,0.934172,1,0.592639,639.379,502.267,971.265,908.241,0.934172,0.000000,1.000000,0.000000,0,0,,,,,11.882,11.708,11.332
244,/home/hm25936/datasets_for_yolo/lab_images_6000/images/test/img_00245.jpg,1936,1216,1,0.724742,639.407,0.000,1936.000,1199.423,1.000000,1,0.592639,639.379,502.267,971.265,908.241,1.000000,1,0.592639,639.379,502.267,971.265,908.241,1.000000,0.000000,1.000000,0.000000,0,0,,,,,11.155,11.115,11.087
245,/home/hm25936/datasets_for_yolo/lab_images_6000/images/test/img_00246.jpg,1936,1216,1,0.502661,634.598,473.718,967.646,955.734,0.101585,1,0.394455,634.842,475.319,971.052,932.790,0.874966,1,0.394455,634.842,475.319,971.052,932.790,0.874966,0.000000,1.000000,0.000000,0,0,,,,,11.809,11.530,11.120
246,/home/hm25936/datasets_for_yolo/lab_images_6000/images/test/img_00247.jpg,1936,1216,1,0.869893,681.495,0.000,1936.000,1216.000,0.089097,1,0.620717,681.493,0.000,1936.000,1216.000,0.085637,1,0.620717,681.493,0.000,1936.000,1216.000,0.085637,0.000000,1.000000,0.000000,0,0,,,,,11.038,10.694,10.586
247,/home/hm25936/datasets_for_yolo/lab_images_6000/images/test/img_00248.jpg,1936,1216,1,0.869893,681.495,0.000,1936.000,1216.000,1.000000,1,0.620717,681.493,0.000,1936.000,1216.000,1.000000,1,0.620717,681.493,0.000,1936.000,1216.000,1.000000,0.000000,1.000000,0.000000,0,0,,,,,11.698,11.446,11.061
248,/home/hm25936/datasets_for_yolo/lab_images_6000/images/test/img_00249.jpg,1936,1216,1,0.316115,775.422,24.424,1936.000,1216.000,0.906546,1,0.218332,775.224,24.469,1936.000,1216.000,0.906665,1,0.218332,775.224,24.469,1936.000,1216.000,0.906665,0.000000,1.000000,0.000000,0,0,,,,,11.066,10.812,10.453
249,/home/hm25936/datasets_for_yolo/lab_images_6000/images/test/img_00250.jpg,1936,1216,1,0.316115,775.422,24.424,1936.000,1216.000,1.000000,1,0.218332,775.224,24.469,1936.000,1216.000,1.000000,1,0.218332,775.224,24.469,1936.000,1216.000,1.000000,0.000000,1.000000,0.000000,0,0,,,,,11.884,11.401,10.952
250,/home/hm25936/datasets_for_yolo/lab_images_6000/images/test/img_00251.jpg,1936,1216,1,0.717395,872.671,409.339,1247.430,792.604,0.103862,1,0.582868,873.535,410.771,1249.275,783.777,0.101333,1,0.582868,873.535,410.771,1249.275,783.777,0.101333,0.000000,1.000000,0.000000,0,0,,,,,11.063,10.844,11.267
251,/home/hm25936/datasets_for_yolo/lab_images_6000/images/test/img_00252.jpg,1936,1216,1,0.745024,873.412,400.883,1251.430,807.078,0.931841,1,0.617049,874.544,401.917,1254.374,752.006,0.880316,1,0.617049,874.544,401.917,1254.374,752.006,0.880316,0.000000,1.000000,0.000000,0,0,,,,,11.854,11.599,11.108
252,/home/hm25936/datasets_for_yolo/lab_images_6000/images/test/img_00253.jpg,1936,1216,1,0.470609,734.789,0.000,1923.321,1216.000,0.106243,1,0.304772,734.771,0.000,1923.317,1216.000,0.092006,1,0.304772,734.771,0.000,1923.317,1216.000,0.092006,0.000000,1.000000,0.000000,0,0,,,,,10.913,10.289,10.823
253,/home/hm25936/datasets_for_yolo/lab_images_6000/images/test/img_00254.jpg,1936,1216,1,0.843220,629.967,0.000,1936.000,1216.000,0.910032,1,0.597055,629.944,0.000,1936.000,1216.000,0.910027,1,0.597055,629.944,0.000,1936.000,1216.000,0.910027,0.000000,1.000000,0.000000,0,0,,,,,11.906,11.212,10.719
254,/home/hm25936/datasets_for_yolo/lab_images_6000/images/test/img_00255.jpg,1936,1216,1,0.773961,390.421,0.000,1936.000,1216.000,0.845012,1,0.531791,390.686,0.000,1936.000,1216.000,0.845172,1,0.531791,390.686,0.000,1936.000,1216.000,0.845172,0.000000,1.000000,0.000000,0,0,,,,,10.921,10.293,10.878
255,/home/hm25936/datasets_for_yolo/lab_images_6000/images/test/img_00256.jpg,1936,1216,1,0.773961,390.421,0.000,1936.000,1216.000,1.000000,1,0.531791,390.686,0.000,1936.000,1216.000,1.000000,1,0.531791,390.686,0.000,1936.000,1216.000,1.000000,0.000000,1.000000,0.000000,0,0,,,,,11.735,11.300,10.660
256,/home/hm25936/datasets_for_yolo/lab_images_6000/images/test/img_00257.jpg,1936,1216,1,0.765370,330.543,0.000,1936.000,1216.000,0.962704,1,0.538104,330.540,0.000,1936.000,1216.000,0.962537,1,0.538104,330.540,0.000,1936.000,1216.000,0.962537,0.000000,1.000000,0.000000,0,0,,,,,11.149,10.767,11.142
257,/home/hm25936/datasets_for_yolo/lab_images_6000/images/test/img_00258.jpg,1936,1216,1,0.818392,314.661,0.000,1936.000,1216.000,0.990204,1,0.606419,314.665,0.000,1936.000,1216.000,0.990209,1,0.606419,314.665,0.000,1936.000,1216.000,0.990209,0.000000,1.000000,0.000000,0,0,,,,,11.937,11.470,11.219
258,/home/hm25936/datasets_for_yolo/lab_images_6000/images/test/img_00259.jpg,1936,1216,1,0.818392,314.661,0.000,1936.000,1216.000,1.000000,1,0.606419,314.665,0.000,1936.000,1216.000,1.000000,1,0.606419,314.665,0.000,1936.000,1216.000,1.000000,0.000000,1.000000,0.000000,0,0,,,,,10.991,10.635,10.963
259,/home/hm25936/datasets_for_yolo/lab_images_6000/images/test/img_00260.jpg,1936,1216,1,0.793380,382.288,0.000,1936.000,1216.000,0.958289,1,0.567562,382.302,0.000,1936.000,1216.000,0.958283,1,0.567562,382.302,0.000,1936.000,1216.000,0.958283,0.000000,1.000000,0.000000,0,0,,,,,12.476,11.414,11.295
260,/home/hm25936/datasets_for_yolo/lab_images_6000/images/test/img_00261.jpg,1936,1216,1,0.793380,382.288,0.000,1936.000,1216.000,1.000000,1,0.567562,382.302,0.000,1936.000,1216.000,1.000000,1,0.567562,382.302,0.000,1936.000,1216.000,1.000000,0.000000,1.000000,0.000000,0,0,,,,,11.113,10.851,10.829
261,/home/hm25936/datasets_for_yolo/lab_images_6000/images/test/img_00262.jpg,1936,1216,1,0.865350,608.298,490.503,1002.878,746.316,0.053426,1,0.814625,611.468,490.470,1004.958,765.728,0.057329,1,0.814625,611.468,490.470,1004.958,765.728,0.057329,0.000000,1.000000,0.000000,0,0,,,,,11.705,11.075,11.115
262,/home/hm25936/datasets_for_yolo/lab_images_6000/images/test/img_00263.jpg,1936,1216,1,0.865350,608.298,490.503,1002.878,746.316,1.000000,1,0.814625,611.468,490.470,1004.958,765.728,1.000000,1,0.814072,611.345,490.468,1004.895,765.765,0.999384,-0.000553,0.999384,0.094770,1,1,1.626855,0.277057,0.469303,0.880495,11.015,10.988,11.470
263,/home/hm25936/datasets_for_yolo/lab_images_6000/images/test/img_00264.jpg,1936,1216,1,0.861151,633.006,491.790,1013.882,780.453,0.806414,1,0.767092,633.357,492.403,1016.515,800.505,0.813877,1,0.765909,633.395,492.361,1016.544,800.130,0.814545,-0.001183,0.998467,0.211671,1,1,2.615508,0.760554,0.857687,0.997268,12.672,13.503,11.871
264,/home/hm25936/datasets_for_yolo/lab_images_6000/images/test/img_00265.jpg,1936,1216,1,0.860983,623.372,477.653,1010.795,862.942,0.726245,1,0.760707,625.366,477.755,1014.156,846.914,0.813331,1,0.758515,625.233,477.871,1013.867,846.436,0.812832,-0.002192,0.997307,0.277995,1,1,4.707130,1.980266,1.197567,1.529297,12.154,11.569,12.021
265,/home/hm25936/datasets_for_yolo/lab_images_6000/images/test/img_00266.jpg,1936,1216,1,0.848118,613.188,459.101,1003.339,857.121,0.899064,1,0.757250,615.690,459.927,1004.357,837.134,0.884817,1,0.755259,615.454,460.128,1004.220,836.656,0.885006,-0.001990,0.997247,0.231974,1,1,2.965457,0.805074,1.132947,1.027436,12.476,12.284,11.508
266,/home/hm25936/datasets_for_yolo/lab_images_6000/images/test/img_00267.jpg,1936,1216,1,0.869315,606.341,455.589,997.005,790.291,0.799841,1,0.767480,608.584,456.985,997.628,785.254,0.828011,1,0.765570,608.334,457.082,997.640,785.107,0.828673,-0.001910,0.998588,0.121747,1,1,1.696798,0.398009,0.521497,0.777292,11.965,11.971,11.750
267,/home/hm25936/datasets_for_yolo/lab_images_6000/images/test/img_00268.jpg,1936,1216,1,0.845631,600.563,455.946,985.621,784.334,0.938923,1,0.734626,602.442,457.074,989.504,777.591,0.941489,1,0.732757,602.175,457.156,989.528,777.350,0.941252,-0.001869,0.998238,0.145190,1,1,2.157145,0.552951,0.698552,0.905642,12.845,12.572,11.901
268,/home/hm25936/datasets_for_yolo/lab_images_6000/images/test/img_00269.jpg,1936,1216,1,0.845453,600.586,455.945,985.630,784.285,0.999766,1,0.732757,602.175,457.156,989.528,777.350,0.998238,1,0.731104,602.018,457.232,989.530,777.037,0.998376,-0.001653,0.998376,0.141652,1,1,2.192343,0.542297,0.729192,0.920854,11.870,11.984,11.842
269,/home/hm25936/datasets_for_yolo/lab_images_6000/images/test/img_00270.jpg,1936,1216,1,0.857710,591.929,457.815,979.869,778.932,0.942644,1,0.740572,592.963,458.765,985.042,775.257,0.954551,1,0.739007,592.868,458.824,984.987,775.084,0.955023,-0.001566,0.998886,0.093486,1,1,1.969932,0.454187,0.636579,0.879166,12.607,12.217,12.143
270,/home/hm25936/datasets_for_yolo/lab_images_6000/images/test/img_00271.jpg,1936,1216,1,0.778867,591.753,458.323,1000.089,810.646,0.863351,1,0.635017,593.571,459.002,1000.814,799.895,0.889962,1,0.635017,593.571,459.002,1000.814,799.895,0.889311,0.000000,1.000000,0.000000,0,0,,,,,11.948,12.202,11.648
271,/home/hm25936/datasets_for_yolo/lab_images_6000/images/test/img_00272.jpg,1936,1216,1,0.835524,617.070,460.102,1010.275,789.747,0.857607,1,0.690673,617.485,461.457,1010.259,801.075,0.910499,1,0.689283,617.548,461.551,1010.284,800.595,0.911254,-0.001390,0.998085,0.197638,1,1,1.873964,0.372217,0.615716,0.886031,12.172,12.145,11.879
272,/home/hm25936/datasets_for_yolo/lab_images_6000/images/test/img_00273.jpg,1936,1216,1,0.875581,618.508,468.756,1007.984,874.320,0.769073,1,0.773233,618.734,469.779,1008.910,849.656,0.848477,1,0.770579,618.309,469.716,1008.685,849.051,0.849386,-0.002654,0.996586,0.465547,1,1,5.057101,1.702700,1.582789,1.771612,11.724,11.885,11.897
273,/home/hm25936/datasets_for_yolo/lab_images_6000/images/test/img_00274.jpg,1936,1216,1,0.883232,609.944,488.345,1003.316,818.690,0.790609,1,0.772778,612.793,488.474,1004.279,829.482,0.875065,1,0.770330,612.637,488.460,1004.274,829.255,0.876803,-0.002447,0.998884,0.144714,1,1,2.241268,0.635699,0.737804,0.867766,12.835,12.371,11.981
274,/home/hm25936/datasets_for_yolo/lab_images_6000/images/test/img_00275.jpg,1936,1216,1,0.907484,604.256,489.723,999.630,822.960,0.960194,1,0.790533,607.264,489.881,999.980,835.164,0.955529,1,0.788354,606.980,489.841,999.974,835.050,0.954978,-0.002178,0.998819,0.163992,1,1,1.694165,0.360232,0.534675,0.799257,12.352,12.291,11.772
275,/home/hm25936/datasets_for_yolo/lab_images_6000/images/test/img_00276.jpg,1936,1216,1,0.899302,602.668,488.494,995.380,799.984,0.914277,1,0.789920,602.238,488.447,995.089,818.290,0.924197,1,0.788346,601.957,488.431,995.068,818.431,0.924945,-0.001575,0.998759,0.163490,1,1,1.897422,0.381049,0.565172,0.951201,12.859,12.038,12.621
276,/home/hm25936/datasets_for_yolo/lab_images_6000/images/test/img_00277.jpg,1936,1216,1,0.828668,591.799,490.763,985.158,840.325,0.835533,1,0.699790,593.613,490.976,989.128,827.005,0.932171,1,0.698349,593.655,490.941,989.068,827.015,0.933270,-0.001441,0.999610,0.014899,1,1,2.975127,0.761677,1.034765,1.178685,12.234,12.377,12.603
277,/home/hm25936/datasets_for_yolo/lab_images_6000/images/test/img_00278.jpg,1936,1216,1,0.861225,585.725,489.625,986.139,796.272,0.857690,1,0.733425,585.384,489.452,984.842,818.152,0.939762,1,0.732067,585.197,489.418,984.859,818.353,0.939961,-0.001358,0.998775,0.119443,1,1,2.145741,0.517183,0.634226,0.994332,12.738,12.090,12.160
278,/home/hm25936/datasets_for_yolo/lab_images_6000/images/test/img_00279.jpg,1936,1216,1,0.841235,588.143,494.590,984.704,833.748,0.869146,1,0.712951,589.584,494.755,988.671,823.797,0.948307,1,0.711868,589.583,494.719,988.589,823.844,0.948570,-0.001083,0.999534,0.042237,1,1,2.359717,0.705107,0.629008,1.025602,11.942,11.536,14.666
279,/home/hm25936/datasets_for_yolo/lab_images_6000/images/test/img_00280.jpg,1936,1216,1,0.841306,588.140,494.587,984.703,833.713,0.999876,1,0.711868,589.583,494.719,988.589,823.844,0.999534,1,0.711002,589.530,494.657,988.474,824.061,0.998734,-0.000866,0.998734,0.114110,1,1,2.323258,0.676660,0.629089,1.017509,11.844,11.576,11.794
280,/home/hm25936/datasets_for_yolo/lab_images_6000/images/test/img_00281.jpg,1936,1216,1,0.892437,597.551,490.950,997.076,784.110,0.803391,1,0.763937,595.836,490.531,996.925,803.295,0.893927,1,0.763283,595.768,490.483,996.911,803.442,0.893646,-0.000654,0.999167,0.064441,1,1,2.171194,0.595387,0.604687,0.971120,11.630,11.553,11.869
281,/home/hm25936/datasets_for_yolo/lab_images_6000/images/test/img_00282.jpg,1936,1216,1,0.882029,605.725,491.246,1002.899,802.027,0.910011,1,0.757749,603.645,490.806,1003.257,824.574,0.904123,1,0.757270,603.721,490.753,1003.174,824.575,0.904403,-0.000479,0.999438,0.025869,1,1,2.632693,0.580362,1.041156,1.011175,12.001,15.185,12.149
282,/home/hm25936/datasets_for_yolo/lab_images_6000/images/test/img_00283.jpg,1936,1216,1,0.870278,609.104,474.689,1015.121,875.946,0.746393,1,0.735429,609.215,475.289,1018.202,853.219,0.840763,1,0.735354,608.940,475.318,1018.055,853.029,0.842163,-0.000075,0.998387,0.225846,1,1,2.790316,0.706845,0.733981,1.349491,12.378,12.134,11.471
283,/home/hm25936/datasets_for_yolo/lab_images_6000/images/test/img_00284.jpg,1936,1216,1,0.838675,617.605,460.348,1019.596,827.224,0.823089,1,0.684352,615.723,461.099,1022.182,822.877,0.865060,1,0.684282,615.667,461.085,1021.958,822.615,0.864429,-0.000070,0.998550,0.196418,1,1,1.939491,0.419382,0.709528,0.810580,11.938,12.446,12.214
284,/home/hm25936/datasets_for_yolo/lab_images_6000/images/test/img_00285.jpg,1936,1216,1,0.783622,611.150,459.360,1016.644,768.108,0.819442,1,0.621121,608.905,459.684,1015.058,772.191,0.829617,1,0.621121,608.905,459.684,1015.058,772.191,0.830794,0.000000,1.000000,0.000000,0,0,,,,,11.747,11.475,11.303
285,/home/hm25936/datasets_for_yolo/lab_images_6000/images/test/img_00286.jpg,1936,1216,1,0.836490,596.523,458.762,1005.605,780.967,0.900684,1,0.685525,594.066,459.074,1004.704,781.561,0.911755,1,0.685075,594.083,458.969,1004.664,781.421,0.911802,-0.000450,0.999097,0.123617,1,1,2.283723,0.644974,0.817443,0.821305,12.286,11.518,11.832
286,/home/hm25936/datasets_for_yolo/lab_images_6000/images/test/img_00287.jpg,1936,1216,1,0.867681,592.310,458.444,1003.711,776.811,0.971684,1,0.718826,590.047,458.603,1002.952,780.125,0.980308,1,0.718261,590.128,458.457,1002.933,779.896,0.980113,-0.000565,0.998591,0.190367,1,1,2.169353,0.621443,0.773864,0.774046,11.533,11.405,11.736
287,/home/hm25936/datasets_for_yolo/lab_images_6000/images/test/img_00288.jpg,1936,1216,1,0.848304,586.573,458.991,1001.101,774.503,0.971321,1,0.696672,584.942,459.078,1000.574,776.552,0.969880,1,0.696247,585.059,458.988,1000.564,776.237,0.969546,-0.000425,0.998419,0.209557,1,1,1.647164,0.448993,0.525306,0.672865,12.831,11.857,11.705
288,/home/hm25936/datasets_for_yolo/lab_images_6000/images/test/img_00289.jpg,1936,1216,1,0.860068,582.626,460.335,1004.424,774.326,0.978109,1,0.727823,583.102,459.773,1003.861,773.686,0.976866,1,0.727547,583.180,459.564,1003.893,773.181,0.976454,-0.000276,0.997464,0.361607,1,1,1.735095,0.375399,0.663257,0.696439,11.478,11.243,12.350
289,/home/hm25936/datasets_for_yolo/lab_images_6000/images/test/img_00290.jpg,1936,1216,1,0.843908,595.728,459.423,1012.179,784.819,0.919084,1,0.684959,593.833,459.124,1010.622,782.633,0.931330,1,0.684397,594.006,459.027,1010.648,782.143,0.931377,-0.000562,0.997707,0.309968,1,1,2.279614,0.601608,0.784027,0.893980,12.443,12.727,12.072
290,/home/hm25936/datasets_for_yolo/lab_images_6000/images/test/img_00291.jpg,1936,1216,1,0.818283,494.515,0.000,1936.000,1216.000,0.077309,1,0.672346,596.806,460.222,1019.201,773.095,0.941480,1,0.672346,596.806,460.222,1019.201,773.095,0.943049,0.000000,1.000000,0.000000,0,0,,,,,11.550,11.528,11.389
291,/home/hm25936/datasets_for_yolo/lab_images_6000/images/test/img_00292.jpg,1936,1216,1,0.861583,603.438,463.549,1018.867,918.353,0.107790,1,0.724740,601.967,463.346,1017.014,886.722,0.716945,1,0.724740,601.967,463.346,1017.014,886.722,0.716945,0.000000,1.000000,0.000000,0,0,,,,,11.823,11.339,11.188
292,/home/hm25936/datasets_for_yolo/lab_images_6000/images/test/img_00293.jpg,1936,1216,1,0.821502,602.778,481.383,1019.831,920.649,0.952384,1,0.643439,600.254,480.569,1020.527,927.290,0.864948,1,0.642531,600.425,480.554,1020.426,926.376,0.867229,-0.000908,0.997274,0.465972,1,1,3.481645,0.729879,1.128715,1.623051,11.504,11.374,11.530
293,/home/hm25936/datasets_for_yolo/lab_images_6000/images/test/img_00294.jpg,1936,1216,1,0.838176,596.518,494.630,1019.146,813.806,0.717594,1,0.682903,596.671,493.617,1020.378,824.250,0.735230,1,0.682793,596.805,493.582,1020.162,823.683,0.735275,-0.000110,0.997354,0.304258,1,1,1.789667,0.232680,0.604573,0.952414,11.994,11.561,12.588
294,/home/hm25936/datasets_for_yolo/lab_images_6000/images/test/img_00295.jpg,1936,1216,1,0.843610,591.950,495.471,1017.995,817.428,0.973029,1,0.688339,592.217,494.282,1019.046,827.812,0.974061,1,0.688640,592.257,494.225,1018.841,827.420,0.973398,0.000301,0.998078,0.239269,1,1,2.097591,0.429386,0.695340,0.972864,11.730,11.670,11.659
295,/home/hm25936/datasets_for_yolo/lab_images_6000/images/test/img_00296.jpg,1936,1216,1,0.847052,591.662,496.124,1017.919,818.887,0.992624,1,0.691035,592.008,494.789,1018.754,829.215,0.993135,1,0.691623,592.025,494.790,1018.421,828.908,0.992355,0.000589,0.998260,0.219598,1,1,2.026987,0.335305,0.757291,0.934391,12.220,12.545,11.581
296,/home/hm25936/datasets_for_yolo/lab_images_6000/images/test/img_00297.jpg,1936,1216,1,0.853548,590.321,496.156,1017.962,825.127,0.977761,1,0.699509,590.676,494.809,1018.516,833.719,0.983044,1,0.700332,590.687,494.772,1018.171,833.559,0.982562,0.000823,0.998587,0.194454,1,1,2.066577,0.381705,0.715170,0.969703,11.544,11.281,11.824
297,/home/hm25936/datasets_for_yolo/lab_images_6000/images/test/img_00298.jpg,1936,1216,1,0.847401,581.903,493.377,1015.227,799.123,0.891279,1,0.703628,581.510,496.091,1015.871,832.577,0.966156,1,0.703697,581.497,496.073,1015.969,832.079,0.966083,0.000069,0.998211,0.261720,1,1,2.747646,0.567874,1.157855,1.021918,13.273,12.616,11.563
298,/home/hm25936/datasets_for_yolo/lab_images_6000/images/test/img_00299.jpg,1936,1216,1,0.847285,581.903,493.377,1015.229,799.152,0.999901,1,0.703697,581.497,496.073,1015.969,832.079,0.998211,1,0.703472,581.499,495.996,1016.020,831.475,0.997854,-0.000225,0.997854,0.341033,1,1,2.706872,0.559801,1.127250,1.019821,12.296,11.295,12.356
299,/home/hm25936/datasets_for_yolo/lab_images_6000/images/test/img_00300.jpg,1936,1216,1,0.863981,578.101,492.437,1012.503,799.557,0.980780,1,0.717998,577.896,491.506,1013.457,818.484,0.933841,1,0.717440,577.887,491.546,1013.442,818.277,0.935060,-0.000558,0.999189,0.083786,1,1,2.565120,0.514859,1.106938,0.943324,12.814,11.653,12.028
