frame,update_applied,grad_m10_Upsample,grad_m11_Concat,grad_m12_C2f,grad_m13_Upsample,grad_m14_Concat,grad_m15_C2f,grad_m16_Conv,grad_m17_Concat,grad_m18_C2f,grad_m19_Conv,grad_m20_Concat,grad_m21_C2f,grad_m22_Detect,delta_m10_Upsample,delta_m11_Concat,delta_m12_C2f,delta_m13_Upsample,delta_m14_Concat,delta_m15_C2f,delta_m16_Conv,delta_m17_Concat,delta_m18_C2f,delta_m19_Conv,delta_m20_Concat,delta_m21_C2f,delta_m22_Detect
0,0,,,,,,,,,,,,,,,,,,,,,,,,,,
1,0,,,,,,,,,,,,,,,,,,,,,,,,,,
2,0,,,,,,,,,,,,,,,,,,,,,,,,,,
3,0,,,,,,,,,,,,,,,,,,,,,,,,,,
4,0,,,,,,,,,,,,,,,,,,,,,,,,,,
5,0,,,,,,,,,,,,,,,,,,,,,,,,,,
6,0,,,,,,,,,,,,,,,,,,,,,,,,,,
7,0,,,,,,,,,,,,,,,,,,,,,,,,,,
8,0,,,,,,,,,,,,,,,,,,,,,,,,,,
9,0,,,,,,,,,,,,,,,,,,,,,,,,,,
10,0,,,,,,,,,,,,,,,,,,,,,,,,,,
11,0,,,,,,,,,,,,,,,,,,,,,,,,,,
12,0,,,,,,,,,,,,,,,,,,,,,,,,,,
13,0,,,,,,,,,,,,,,,,,,,,,,,,,,
14,0,,,,,,,,,,,,,,,,,,,,,,,,,,
15,0,,,,,,,,,,,,,,,,,,,,,,,,,,
16,0,,,,,,,,,,,,,,,,,,,,,,,,,,
17,0,,,,,,,,,,,,,,,,,,,,,,,,,,
18,0,,,,,,,,,,,,,,,,,,,,,,,,,,
19,0,,,,,,,,,,,,,,,,,,,,,,,,,,
20,0,,,,,,,,,,,,,,,,,,,,,,,,,,
21,0,,,,,,,,,,,,,,,,,,,,,,,,,,
22,0,,,,,,,,,,,,,,,,,,,,,,,,,,
23,0,,,,,,,,,,,,,,,,,,,,,,,,,,
24,0,,,,,,,,,,,,,,,,,,,,,,,,,,
25,0,,,,,,,,,,,,,,,,,,,,,,,,,,
26,0,,,,,,,,,,,,,,,,,,,,,,,,,,
27,0,,,,,,,,,,,,,,,,,,,,,,,,,,
28,0,,,,,,,,,,,,,,,,,,,,,,,,,,
29,0,,,,,,,,,,,,,,,,,,,,,,,,,,
30,0,,,,,,,,,,,,,,,,,,,,,,,,,,
31,0,,,,,,,,,,,,,,,,,,,,,,,,,,
32,0,,,,,,,,,,,,,,,,,,,,,,,,,,
33,0,,,,,,,,,,,,,,,,,,,,,,,,,,
34,0,,,,,,,,,,,,,,,,,,,,,,,,,,
35,0,,,,,,,,,,,,,,,,,,,,,,,,,,
36,0,,,,,,,,,,,,,,,,,,,,,,,,,,
37,0,,,,,,,,,,,,,,,,,,,,,,,,,,
38,0,,,,,,,,,,,,,,,,,,,,,,,,,,
39,0,,,,,,,,,,,,,,,,,,,,,,,,,,
40,0,,,,,,,,,,,,,,,,,,,,,,,,,,
41,0,,,,,,,,,,,,,,,,,,,,,,,,,,
42,0,,,,,,,,,,,,,,,,,,,,,,,,,,
43,0,,,,,,,,,,,,,,,,,,,,,,,,,,
44,0,,,,,,,,,,,,,,,,,,,,,,,,,,
45,0,,,,,,,,,,,,,,,,,,,,,,,,,,
46,0,,,,,,,,,,,,,,,,,,,,,,,,,,
47,0,,,,,,,,,,,,,,,,,,,,,,,,,,
48,0,,,,,,,,,,,,,,,,,,,,,,,,,,
49,0,,,,,,,,,,,,,,,,,,,,,,,,,,
50,0,,,,,,,,,,,,,,,,,,,,,,,,,,
51,0,,,,,,,,,,,,,,,,,,,,,,,,,,
52,0,,,,,,,,,,,,,,,,,,,,,,,,,,
53,0,,,,,,,,,,,,,,,,,,,,,,,,,,
54,0,,,,,,,,,,,,,,,,,,,,,,,,,,
55,0,,,,,,,,,,,,,,,,,,,,,,,,,,
56,0,,,,,,,,,,,,,,,,,,,,,,,,,,
57,0,,,,,,,,,,,,,,,,,,,,,,,,,,
58,0,,,,,,,,,,,,,,,,,,,,,,,,,,
59,0,,,,,,,,,,,,,,,,,,,,,,,,,,
60,0,,,,,,,,,,,,,,,,,,,,,,,,,,
61,1,0.00000000e+00,0.00000000e+00,6.70763596e+00,0.00000000e+00,0.00000000e+00,5.81413387e+00,3.62101956e+00,0.00000000e+00,9.78889488e+00,5.63287084e+00,0.00000000e+00,1.14484673e+01,2.05879798e+01,0.00000000e+00,0.00000000e+00,0.00000000e+00,0.00000000e+00,0.00000000e+00,0.00000000e+00,0.00000000e+00,0.00000000e+00,0.00000000e+00,0.00000000e+00,0.00000000e+00,0.00000000e+00,1.48826287e-03
62,1,0.00000000e+00,0.00000000e+00,1.64262990e+01,0.00000000e+00,0.00000000e+00,1.03448680e+01,5.98205906e+00,0.00000000e+00,1.37753214e+01,6.81989755e+00,0.00000000e+00,1.34921328e+01,2.57694460e+01,0.00000000e+00,0.00000000e+00,0.00000000e+00,0.00000000e+00,0.00000000e+00,0.00000000e+00,0.00000000e+00,0.00000000e+00,0.00000000e+00,0.00000000e+00,0.00000000e+00,0.00000000e+00,2.14341004e-03
63,0,,,,,,,,,,,,,,,,,,,,,,,,,,
64,0,,,,,,,,,,,,,,,,,,,,,,,,,,
65,0,,,,,,,,,,,,,,,,,,,,,,,,,,
66,0,,,,,,,,,,,,,,,,,,,,,,,,,,
67,1,0.00000000e+00,0.00000000e+00,2.90260303e+01,0.00000000e+00,0.00000000e+00,1.81084093e+01,1.02886202e+01,0.00000000e+00,2.45124230e+01,1.25575766e+01,0.00000000e+00,2.43361639e+01,4.41437904e+01,0.00000000e+00,0.00000000e+00,0.00000000e+00,0.00000000e+00,0.00000000e+00,0.00000000e+00,0.00000000e+00,0.00000000e+00,0.00000000e+00,0.00000000e+00,0.00000000e+00,0.00000000e+00,3.31463266e-03
68,0,,,,,,,,,,,,,,,,,,,,,,,,,,
69,0,,,,,,,,,,,,,,,,,,,,,,,,,,
70,0,,,,,,,,,,,,,,,,,,,,,,,,,,
71,0,,,,,,,,,,,,,,,,,,,,,,,,,,
72,1,0.00000000e+00,0.00000000e+00,4.71603481e+01,0.00000000e+00,0.00000000e+00,2.91995406e+01,1.62011221e+01,0.00000000e+00,3.83171336e+01,1.93666602e+01,0.00000000e+00,3.57353980e+01,5.97660665e+01,0.00000000e+00,0.00000000e+00,0.00000000e+00,0.00000000e+00,0.00000000e+00,0.00000000e+00,0.00000000e+00,0.00000000e+00,0.00000000e+00,0.00000000e+00,0.00000000e+00,0.00000000e+00,4.00757659e-03
73,1,0.00000000e+00,0.00000000e+00,6.48415174e+01,0.00000000e+00,0.00000000e+00,3.96262472e+01,2.18668707e+01,0.00000000e+00,5.15339666e+01,2.63383597e+01,0.00000000e+00,4.66714908e+01,7.52110835e+01,0.00000000e+00,0.00000000e+00,0.00000000e+00,0.00000000e+00,0.00000000e+00,0.00000000e+00,0.00000000e+00,0.00000000e+00,0.00000000e+00,0.00000000e+00,0.00000000e+00,0.00000000e+00,4.65754768e-03
74,1,0.00000000e+00,0.00000000e+00,6.97114212e+01,0.00000000e+00,0.00000000e+00,4.40825116e+01,2.45713425e+01,0.00000000e+00,5.56197380e+01,2.88029379e+01,0.00000000e+00,5.15398340e+01,8.19669943e+01,0.00000000e+00,0.00000000e+00,0.00000000e+00,0.00000000e+00,0.00000000e+00,0.00000000e+00,0.00000000e+00,0.00000000e+00,0.00000000e+00,0.00000000e+00,0.00000000e+00,0.00000000e+00,4.96062430e-03
75,1,0.00000000e+00,0.00000000e+00,8.34961383e+01,0.00000000e+00,0.00000000e+00,5.18637254e+01,2.91006560e+01,0.00000000e+00,6.54165287e+01,3.36387019e+01,0.00000000e+00,5.92481766e+01,9.19253592e+01,0.00000000e+00,0.00000000e+00,0.00000000e+00,0.00000000e+00,0.00000000e+00,0.00000000e+00,0.00000000e+00,0.00000000e+00,0.00000000e+00,0.00000000e+00,0.00000000e+00,0.00000000e+00,5.02912848e-03
76,1,0.00000000e+00,0.00000000e+00,8.63716984e+01,0.00000000e+00,0.00000000e+00,5.42030889e+01,3.08780497e+01,0.00000000e+00,6.87272656e+01,3.58103527e+01,0.00000000e+00,6.28786148e+01,9.67135512e+01,0.00000000e+00,0.00000000e+00,0.00000000e+00,0.00000000e+00,0.00000000e+00,0.00000000e+00,0.00000000e+00,0.00000000e+00,0.00000000e+00,0.00000000e+00,0.00000000e+00,0.00000000e+00,4.92907905e-03
77,1,0.00000000e+00,0.00000000e+00,1.00349532e+02,0.00000000e+00,0.00000000e+00,6.23217420e+01,3.57478442e+01,0.00000000e+00,7.99942900e+01,4.21566651e+01,0.00000000e+00,7.25161355e+01,1.09689667e+02,0.00000000e+00,0.00000000e+00,0.00000000e+00,0.00000000e+00,0.00000000e+00,0.00000000e+00,0.00000000e+00,0.00000000e+00,0.00000000e+00,0.00000000e+00,0.00000000e+00,0.00000000e+00,5.09603724e-03
78,1,0.00000000e+00,0.00000000e+00,1.08137247e+02,0.00000000e+00,0.00000000e+00,6.68207829e+01,3.86994289e+01,0.00000000e+00,8.79909016e+01,4.71246228e+01,0.00000000e+00,8.01283677e+01,1.18759290e+02,0.00000000e+00,0.00000000e+00,0.00000000e+00,0.00000000e+00,0.00000000e+00,0.00000000e+00,0.00000000e+00,0.00000000e+00,0.00000000e+00,0.00000000e+00,0.00000000e+00,0.00000000e+00,5.22098094e-03
79,1,0.00000000e+00,0.00000000e+00,1.38001406e+02,0.00000000e+00,0.00000000e+00,8.31824319e+01,4.76022952e+01,0.00000000e+00,1.12391388e+02,6.03690266e+01,0.00000000e+00,1.01418427e+02,1.34795100e+02,0.00000000e+00,0.00000000e+00,0.00000000e+00,0.00000000e+00,0.00000000e+00,0.00000000e+00,0.00000000e+00,0.00000000e+00,0.00000000e+00,0.00000000e+00,0.00000000e+00,0.00000000e+00,5.61839127e-03
80,1,0.00000000e+00,0.00000000e+00,2.06284390e+02,0.00000000e+00,0.00000000e+00,1.20520850e+02,6.75303536e+01,0.00000000e+00,1.55438321e+02,7.72621749e+01,0.00000000e+00,1.27716186e+02,1.51162217e+02,0.00000000e+00,0.00000000e+00,0.00000000e+00,0.00000000e+00,0.00000000e+00,0.00000000e+00,0.00000000e+00,0.00000000e+00,0.00000000e+00,0.00000000e+00,0.00000000e+00,0.00000000e+00,6.05353387e-03
81,0,,,,,,,,,,,,,,,,,,,,,,,,,,
82,1,0.00000000e+00,0.00000000e+00,2.26201367e+02,0.00000000e+00,0.00000000e+00,1.33292134e+02,7.47256463e+01,0.00000000e+00,1.70133493e+02,8.49351943e+01,0.00000000e+00,1.40920158e+02,1.68881277e+02,0.00000000e+00,0.00000000e+00,0.00000000e+00,0.00000000e+00,0.00000000e+00,0.00000000e+00,0.00000000e+00,0.00000000e+00,0.00000000e+00,0.00000000e+00,0.00000000e+00,0.00000000e+00,6.50651879e-03
83,1,0.00000000e+00,0.00000000e+00,2.27123128e+02,0.00000000e+00,0.00000000e+00,1.34269312e+02,7.58923538e+01,0.00000000e+00,1.71260423e+02,8.56762392e+01,0.00000000e+00,1.42770364e+02,1.75211256e+02,0.00000000e+00,0.00000000e+00,0.00000000e+00,0.00000000e+00,0.00000000e+00,0.00000000e+00,0.00000000e+00,0.00000000e+00,0.00000000e+00,0.00000000e+00,0.00000000e+00,0.00000000e+00,6.47391011e-03
84,1,0.00000000e+00,0.00000000e+00,2.39658159e+02,0.00000000e+00,0.00000000e+00,1.41650193e+02,8.09291212e+01,0.00000000e+00,1.80793518e+02,9.10121167e+01,0.00000000e+00,1.52354201e+02,1.88856346e+02,0.00000000e+00,0.00000000e+00,0.00000000e+00,0.00000000e+00,0.00000000e+00,0.00000000e+00,0.00000000e+00,0.00000000e+00,0.00000000e+00,0.00000000e+00,0.00000000e+00,0.00000000e+00,6.73423868e-03
85,1,0.00000000e+00,0.00000000e+00,2.60139845e+02,0.00000000e+00,0.00000000e+00,1.53922223e+02,8.85219056e+01,0.00000000e+00,1.96634017e+02,9.98202207e+01,0.00000000e+00,1.67771862e+02,2.05763261e+02,0.00000000e+00,0.00000000e+00,0.00000000e+00,0.00000000e+00,0.00000000e+00,0.00000000e+00,0.00000000e+00,0.00000000e+00,0.00000000e+00,0.00000000e+00,0.00000000e+00,0.00000000e+00,7.06070043e-03
86,1,0.00000000e+00,0.00000000e+00,2.62827608e+02,0.00000000e+00,0.00000000e+00,1.56677468e+02,9.07239182e+01,0.00000000e+00,1.99895738e+02,1.02485346e+02,0.00000000e+00,1.72816462e+02,2.13089854e+02,0.00000000e+00,0.00000000e+00,0.00000000e+00,0.00000000e+00,0.00000000e+00,0.00000000e+00,0.00000000e+00,0.00000000e+00,0.00000000e+00,0.00000000e+00,0.00000000e+00,0.00000000e+00,7.06045804e-03
87,1,0.00000000e+00,0.00000000e+00,2.66039239e+02,0.00000000e+00,0.00000000e+00,1.59805069e+02,9.31160946e+01,0.00000000e+00,2.03491755e+02,1.05160468e+02,0.00000000e+00,1.78035627e+02,2.20761705e+02,0.00000000e+00,0.00000000e+00,0.00000000e+00,0.00000000e+00,0.00000000e+00,0.00000000e+00,0.00000000e+00,0.00000000e+00,0.00000000e+00,0.00000000e+00,0.00000000e+00,0.00000000e+00,7.17119128e-03
88,1,0.00000000e+00,0.00000000e+00,2.70759511e+02,0.00000000e+00,0.00000000e+00,1.62972438e+02,9.53405700e+01,0.00000000e+00,2.09544108e+02,1.09388388e+02,0.00000000e+00,1.85277138e+02,2.30461331e+02,0.00000000e+00,0.00000000e+00,0.00000000e+00,0.00000000e+00,0.00000000e+00,0.00000000e+00,0.00000000e+00,0.00000000e+00,0.00000000e+00,0.00000000e+00,0.00000000e+00,0.00000000e+00,7.08109090e-03
89,1,0.00000000e+00,0.00000000e+00,2.76557478e+02,0.00000000e+00,0.00000000e+00,1.66303475e+02,9.80393699e+01,0.00000000e+00,2.16674679e+02,1.14341175e+02,0.00000000e+00,1.94058566e+02,2.41443527e+02,0.00000000e+00,0.00000000e+00,0.00000000e+00,0.00000000e+00,0.00000000e+00,0.00000000e+00,0.00000000e+00,0.00000000e+00,0.00000000e+00,0.00000000e+00,0.00000000e+00,0.00000000e+00,6.95757793e-03
90,1,0.00000000e+00,0.00000000e+00,2.80886014e+02,0.00000000e+00,0.00000000e+00,1.69615095e+02,1.00811729e+02,0.00000000e+00,2.21951978e+02,1.17642584e+02,0.00000000e+00,2.00207559e+02,2.49335960e+02,0.00000000e+00,0.00000000e+00,0.00000000e+00,0.00000000e+00,0.00000000e+00,0.00000000e+00,0.00000000e+00,0.00000000e+00,0.00000000e+00,0.00000000e+00,0.00000000e+00,0.00000000e+00,6.85708146e-03
91,1,0.00000000e+00,0.00000000e+00,2.89409356e+02,0.00000000e+00,0.00000000e+00,1.75314755e+02,1.05161965e+02,0.00000000e+00,2.31096551e+02,1.21997280e+02,0.00000000e+00,2.08683471e+02,2.58854955e+02,0.00000000e+00,0.00000000e+00,0.00000000e+00,0.00000000e+00,0.00000000e+00,0.00000000e+00,0.00000000e+00,0.00000000e+00,0.00000000e+00,0.00000000e+00,0.00000000e+00,0.00000000e+00,6.88407077e-03
92,1,0.00000000e+00,0.00000000e+00,2.91970485e+02,0.00000000e+00,0.00000000e+00,1.77567080e+02,1.07377361e+02,0.00000000e+00,2.33636563e+02,1.24469681e+02,0.00000000e+00,2.12976662e+02,2.62368261e+02,0.00000000e+00,0.00000000e+00,0.00000000e+00,0.00000000e+00,0.00000000e+00,0.00000000e+00,0.00000000e+00,0.00000000e+00,0.00000000e+00,0.00000000e+00,0.00000000e+00,0.00000000e+00,6.46269366e-03
93,1,0.00000000e+00,0.00000000e+00,2.96953200e+02,0.00000000e+00,0.00000000e+00,1.80595434e+02,1.09571917e+02,0.00000000e+00,2.39658293e+02,1.28478002e+02,0.00000000e+00,2.19911703e+02,2.69771984e+02,0.00000000e+00,0.00000000e+00,0.00000000e+00,0.00000000e+00,0.00000000e+00,0.00000000e+00,0.00000000e+00,0.00000000e+00,0.00000000e+00,0.00000000e+00,0.00000000e+00,0.00000000e+00,5.98105295e-03
94,1,0.00000000e+00,0.00000000e+00,2.96933592e+02,0.00000000e+00,0.00000000e+00,1.80986769e+02,1.10822921e+02,0.00000000e+00,2.41132137e+02,1.30379904e+02,0.00000000e+00,2.23504942e+02,2.75997227e+02,0.00000000e+00,0.00000000e+00,0.00000000e+00,0.00000000e+00,0.00000000e+00,0.00000000e+00,0.00000000e+00,0.00000000e+00,0.00000000e+00,0.00000000e+00,0.00000000e+00,0.00000000e+00,5.93386852e-03
95,1,0.00000000e+00,0.00000000e+00,2.99901487e+02,0.00000000e+00,0.00000000e+00,1.83721943e+02,1.13079200e+02,0.00000000e+00,2.44901150e+02,1.33021709e+02,0.00000000e+00,2.28418793e+02,2.81949037e+02,0.00000000e+00,0.00000000e+00,0.00000000e+00,0.00000000e+00,0.00000000e+00,0.00000000e+00,0.00000000e+00,0.00000000e+00,0.00000000e+00,0.00000000e+00,0.00000000e+00,0.00000000e+00,5.99937003e-03
96,1,0.00000000e+00,0.00000000e+00,3.03838349e+02,0.00000000e+00,0.00000000e+00,1.86609984e+02,1.14844435e+02,0.00000000e+00,2.49226832e+02,1.35762392e+02,0.00000000e+00,2.33367215e+02,2.85522332e+02,0.00000000e+00,0.00000000e+00,0.00000000e+00,0.00000000e+00,0.00000000e+00,0.00000000e+00,0.00000000e+00,0.00000000e+00,0.00000000e+00,0.00000000e+00,0.00000000e+00,0.00000000e+00,5.79533339e-03
97,1,0.00000000e+00,0.00000000e+00,3.05116550e+02,0.00000000e+00,0.00000000e+00,1.88552871e+02,1.16674023e+02,0.00000000e+00,2.52172739e+02,1.37743262e+02,0.00000000e+00,2.36862452e+02,2.91502669e+02,0.00000000e+00,0.00000000e+00,0.00000000e+00,0.00000000e+00,0.00000000e+00,0.00000000e+00,0.00000000e+00,0.00000000e+00,0.00000000e+00,0.00000000e+00,0.00000000e+00,0.00000000e+00,6.01084420e-03
98,1,0.00000000e+00,0.00000000e+00,3.04859208e+02,0.00000000e+00,0.00000000e+00,1.89380644e+02,1.17613490e+02,0.00000000e+00,2.52959398e+02,1.38225237e+02,0.00000000e+00,2.38110947e+02,2.95468886e+02,0.00000000e+00,0.00000000e+00,0.00000000e+00,0.00000000e+00,0.00000000e+00,0.00000000e+00,0.00000000e+00,0.00000000e+00,0.00000000e+00,0.00000000e+00,0.00000000e+00,0.00000000e+00,6.04537337e-03
99,1,0.00000000e+00,0.00000000e+00,3.06165945e+02,0.00000000e+00,0.00000000e+00,1.90731949e+02,1.18801043e+02,0.00000000e+00,2.55404374e+02,1.40092265e+02,0.00000000e+00,2.41282374e+02,2.99836777e+02,0.00000000e+00,0.00000000e+00,0.00000000e+00,0.00000000e+00,0.00000000e+00,0.00000000e+00,0.00000000e+00,0.00000000e+00,0.00000000e+00,0.00000000e+00,0.00000000e+00,0.00000000e+00,5.69267959e-03
100,1,0.00000000e+00,0.00000000e+00,3.08044795e+02,0.00000000e+00,0.00000000e+00,1.92676306e+02,1.20489825e+02,0.00000000e+00,2.58221770e+02,1.42021290e+02,0.00000000e+00,2.44432767e+02,3.05203841e+02,0.00000000e+00,0.00000000e+00,0.00000000e+00,0.00000000e+00,0.00000000e+00,0.00000000e+00,0.00000000e+00,0.00000000e+00,0.00000000e+00,0.00000000e+00,0.00000000e+00,0.00000000e+00,5.64547236e-03
101,1,0.00000000e+00,0.00000000e+00,3.11408211e+02,0.00000000e+00,0.00000000e+00,1.95254504e+02,1.22433807e+02,0.00000000e+00,2.62029943e+02,1.44756798e+02,0.00000000e+00,2.49322308e+02,3.12157406e+02,0.00000000e+00,0.00000000e+00,0.00000000e+00,0.00000000e+00,0.00000000e+00,0.00000000e+00,0.00000000e+00,0.00000000e+00,0.00000000e+00,0.00000000e+00,0.00000000e+00,0.00000000e+00,5.90817536e-03
102,1,0.00000000e+00,0.00000000e+00,3.22343399e+02,0.00000000e+00,0.00000000e+00,2.01496541e+02,1.26327138e+02,0.00000000e+00,2.70236772e+02,1.47945278e+02,0.00000000e+00,2.54467870e+02,3.17474100e+02,0.00000000e+00,0.00000000e+00,0.00000000e+00,0.00000000e+00,0.00000000e+00,0.00000000e+00,0.00000000e+00,0.00000000e+00,0.00000000e+00,0.00000000e+00,0.00000000e+00,0.00000000e+00,5.95687423e-03
103,1,0.00000000e+00,0.00000000e+00,3.34537711e+02,0.00000000e+00,0.00000000e+00,2.09097365e+02,1.31392708e+02,0.00000000e+00,2.82435839e+02,1.52743723e+02,0.00000000e+00,2.61626434e+02,3.23966188e+02,0.00000000e+00,0.00000000e+00,0.00000000e+00,0.00000000e+00,0.00000000e+00,0.00000000e+00,0.00000000e+00,0.00000000e+00,0.00000000e+00,0.00000000e+00,0.00000000e+00,0.00000000e+00,6.42800730e-03
104,1,0.00000000e+00,0.00000000e+00,3.43173349e+02,0.00000000e+00,0.00000000e+00,2.14613052e+02,1.35077751e+02,0.00000000e+00,2.90347384e+02,1.56103301e+02,0.00000000e+00,2.67131543e+02,3.29639479e+02,0.00000000e+00,0.00000000e+00,0.00000000e+00,0.00000000e+00,0.00000000e+00,0.00000000e+00,0.00000000e+00,0.00000000e+00,0.00000000e+00,0.00000000e+00,0.00000000e+00,0.00000000e+00,6.37342721e-03
105,1,0.00000000e+00,0.00000000e+00,3.48286830e+02,0.00000000e+00,0.00000000e+00,2.18332583e+02,1.37565018e+02,0.00000000e+00,2.95062641e+02,1.58723497e+02,0.00000000e+00,2.71726006e+02,3.35533995e+02,0.00000000e+00,0.00000000e+00,0.00000000e+00,0.00000000e+00,0.00000000e+00,0.00000000e+00,0.00000000e+00,0.00000000e+00,0.00000000e+00,0.00000000e+00,0.00000000e+00,0.00000000e+00,6.15097565e-03
106,0,,,,,,,,,,,,,,,,,,,,,,,,,,
107,1,0.00000000e+00,0.00000000e+00,3.62535733e+02,0.00000000e+00,0.00000000e+00,2.26320679e+02,1.43534189e+02,0.00000000e+00,3.11317333e+02,1.66287030e+02,0.00000000e+00,2.84137356e+02,3.43865293e+02,0.00000000e+00,0.00000000e+00,0.00000000e+00,0.00000000e+00,0.00000000e+00,0.00000000e+00,0.00000000e+00,0.00000000e+00,0.00000000e+00,0.00000000e+00,0.00000000e+00,0.00000000e+00,6.28466664e-03
108,1,0.00000000e+00,0.00000000e+00,3.63355113e+02,0.00000000e+00,0.00000000e+00,2.27786451e+02,1.44827358e+02,0.00000000e+00,3.12896490e+02,1.67696941e+02,0.00000000e+00,2.87378753e+02,3.49051082e+02,0.00000000e+00,0.00000000e+00,0.00000000e+00,0.00000000e+00,0.00000000e+00,0.00000000e+00,0.00000000e+00,0.00000000e+00,0.00000000e+00,0.00000000e+00,0.00000000e+00,0.00000000e+00,6.14750355e-03
109,1,0.00000000e+00,0.00000000e+00,3.68142599e+02,0.00000000e+00,0.00000000e+00,2.32596594e+02,1.48622249e+02,0.00000000e+00,3.20400323e+02,1.74043183e+02,0.00000000e+00,2.98574794e+02,3.59790377e+02,0.00000000e+00,0.00000000e+00,0.00000000e+00,0.00000000e+00,0.00000000e+00,0.00000000e+00,0.00000000e+00,0.00000000e+00,0.00000000e+00,0.00000000e+00,0.00000000e+00,0.00000000e+00,5.76761209e-03
110,1,0.00000000e+00,0.00000000e+00,3.69977155e+02,0.00000000e+00,0.00000000e+00,2.35388406e+02,1.50859569e+02,0.00000000e+00,3.24360222e+02,1.77243284e+02,0.00000000e+00,3.04457546e+02,3.67557284e+02,0.00000000e+00,0.00000000e+00,0.00000000e+00,0.00000000e+00,0.00000000e+00,0.00000000e+00,0.00000000e+00,0.00000000e+00,0.00000000e+00,0.00000000e+00,0.00000000e+00,0.00000000e+00,5.78490165e-03
111,1,0.00000000e+00,0.00000000e+00,3.83206526e+02,0.00000000e+00,0.00000000e+00,2.45116175e+02,1.58250798e+02,0.00000000e+00,3.42582539e+02,1.85968462e+02,0.00000000e+00,3.18751074e+02,3.75043958e+02,0.00000000e+00,0.00000000e+00,0.00000000e+00,0.00000000e+00,0.00000000e+00,0.00000000e+00,0.00000000e+00,0.00000000e+00,0.00000000e+00,0.00000000e+00,0.00000000e+00,0.00000000e+00,5.46922416e-03
112,1,0.00000000e+00,0.00000000e+00,3.89503626e+02,0.00000000e+00,0.00000000e+00,2.51157301e+02,1.62796913e+02,0.00000000e+00,3.50558455e+02,1.91611366e+02,0.00000000e+00,3.27973081e+02,3.86563659e+02,0.00000000e+00,0.00000000e+00,0.00000000e+00,0.00000000e+00,0.00000000e+00,0.00000000e+00,0.00000000e+00,0.00000000e+00,0.00000000e+00,0.00000000e+00,0.00000000e+00,0.00000000e+00,5.51712099e-03
113,1,0.00000000e+00,0.00000000e+00,3.94738697e+02,0.00000000e+00,0.00000000e+00,2.56355916e+02,1.66526337e+02,0.00000000e+00,3.57520669e+02,1.96974470e+02,0.00000000e+00,3.37637894e+02,3.98227770e+02,0.00000000e+00,0.00000000e+00,0.00000000e+00,0.00000000e+00,0.00000000e+00,0.00000000e+00,0.00000000e+00,0.00000000e+00,0.00000000e+00,0.00000000e+00,0.00000000e+00,0.00000000e+00,5.66777365e-03
114,1,0.00000000e+00,0.00000000e+00,4.05119442e+02,0.00000000e+00,0.00000000e+00,2.64489863e+02,1.72878335e+02,0.00000000e+00,3.72723477e+02,2.04458254e+02,0.00000000e+00,3.50264762e+02,4.07791536e+02,0.00000000e+00,0.00000000e+00,0.00000000e+00,0.00000000e+00,0.00000000e+00,0.00000000e+00,0.00000000e+00,0.00000000e+00,0.00000000e+00,0.00000000e+00,0.00000000e+00,0.00000000e+00,6.00632363e-03
115,1,0.00000000e+00,0.00000000e+00,4.13667789e+02,0.00000000e+00,0.00000000e+00,2.72204798e+02,1.78936362e+02,0.00000000e+00,3.85866151e+02,2.12095391e+02,0.00000000e+00,3.62971889e+02,4.19823563e+02,0.00000000e+00,0.00000000e+00,0.00000000e+00,0.00000000e+00,0.00000000e+00,0.00000000e+00,0.00000000e+00,0.00000000e+00,0.00000000e+00,0.00000000e+00,0.00000000e+00,0.00000000e+00,6.40060960e-03
116,1,0.00000000e+00,0.00000000e+00,4.26807450e+02,0.00000000e+00,0.00000000e+00,2.81257877e+02,1.85725328e+02,0.00000000e+00,4.03073878e+02,2.19806872e+02,0.00000000e+00,3.75904110e+02,4.30147817e+02,0.00000000e+00,0.00000000e+00,0.00000000e+00,0.00000000e+00,0.00000000e+00,0.00000000e+00,0.00000000e+00,0.00000000e+00,0.00000000e+00,0.00000000e+00,0.00000000e+00,0.00000000e+00,6.67948594e-03
117,1,0.00000000e+00,0.00000000e+00,4.31737331e+02,0.00000000e+00,0.00000000e+00,2.86837609e+02,1.90220630e+02,0.00000000e+00,4.12350531e+02,2.25590399e+02,0.00000000e+00,3.85715556e+02,4.41709520e+02,0.00000000e+00,0.00000000e+00,0.00000000e+00,0.00000000e+00,0.00000000e+00,0.00000000e+00,0.00000000e+00,0.00000000e+00,0.00000000e+00,0.00000000e+00,0.00000000e+00,0.00000000e+00,6.97078869e-03
118,1,0.00000000e+00,0.00000000e+00,4.37816122e+02,0.00000000e+00,0.00000000e+00,2.91903003e+02,1.94439118e+02,0.00000000e+00,4.22196037e+02,2.31637447e+02,0.00000000e+00,3.96069832e+02,4.52364279e+02,0.00000000e+00,0.00000000e+00,0.00000000e+00,0.00000000e+00,0.00000000e+00,0.00000000e+00,0.00000000e+00,0.00000000e+00,0.00000000e+00,0.00000000e+00,0.00000000e+00,0.00000000e+00,7.18135120e-03
119,1,0.00000000e+00,0.00000000e+00,4.36441160e+02,0.00000000e+00,0.00000000e+00,2.92932059e+02,1.95831222e+02,0.00000000e+00,4.24118547e+02,2.33574607e+02,0.00000000e+00,3.99099937e+02,4.57299405e+02,0.00000000e+00,0.00000000e+00,0.00000000e+00,0.00000000e+00,0.00000000e+00,0.00000000e+00,0.00000000e+00,0.00000000e+00,0.00000000e+00,0.00000000e+00,0.00000000e+00,0.00000000e+00,6.92253179e-03
120,1,0.00000000e+00,0.00000000e+00,4.40977487e+02,0.00000000e+00,0.00000000e+00,2.97276071e+02,1.99194798e+02,0.00000000e+00,4.31210355e+02,2.38201369e+02,0.00000000e+00,4.06851004e+02,4.66623037e+02,0.00000000e+00,0.00000000e+00,0.00000000e+00,0.00000000e+00,0.00000000e+00,0.00000000e+00,0.00000000e+00,0.00000000e+00,0.00000000e+00,0.00000000e+00,0.00000000e+00,0.00000000e+00,7.16586724e-03
121,1,0.00000000e+00,0.00000000e+00,4.51001693e+02,0.00000000e+00,0.00000000e+00,3.03293469e+02,2.03747124e+02,0.00000000e+00,4.41014787e+02,2.42959520e+02,0.00000000e+00,4.13918725e+02,4.74560008e+02,0.00000000e+00,0.00000000e+00,0.00000000e+00,0.00000000e+00,0.00000000e+00,0.00000000e+00,0.00000000e+00,0.00000000e+00,0.00000000e+00,0.00000000e+00,0.00000000e+00,0.00000000e+00,7.24306615e-03
122,1,0.00000000e+00,0.00000000e+00,4.61938349e+02,0.00000000e+00,0.00000000e+00,3.10953403e+02,2.09561644e+02,0.00000000e+00,4.53066301e+02,2.48913282e+02,0.00000000e+00,4.23552327e+02,4.84779792e+02,0.00000000e+00,0.00000000e+00,0.00000000e+00,0.00000000e+00,0.00000000e+00,0.00000000e+00,0.00000000e+00,0.00000000e+00,0.00000000e+00,0.00000000e+00,0.00000000e+00,0.00000000e+00,7.30584587e-03
123,1,0.00000000e+00,0.00000000e+00,4.72237728e+02,0.00000000e+00,0.00000000e+00,3.14348579e+02,2.12928650e+02,0.00000000e+00,4.65877608e+02,2.53007304e+02,0.00000000e+00,4.30222839e+02,4.96936640e+02,0.00000000e+00,0.00000000e+00,0.00000000e+00,0.00000000e+00,0.00000000e+00,0.00000000e+00,0.00000000e+00,0.00000000e+00,0.00000000e+00,0.00000000e+00,0.00000000e+00,0.00000000e+00,7.71845025e-03
124,1,0.00000000e+00,0.00000000e+00,4.80670748e+02,0.00000000e+00,0.00000000e+00,3.20000755e+02,2.17271752e+02,0.00000000e+00,4.76240101e+02,2.59004926e+02,0.00000000e+00,4.41263101e+02,5.06618720e+02,0.00000000e+00,0.00000000e+00,0.00000000e+00,0.00000000e+00,0.00000000e+00,0.00000000e+00,0.00000000e+00,0.00000000e+00,0.00000000e+00,0.00000000e+00,0.00000000e+00,0.00000000e+00,7.42789430e-03
125,1,0.00000000e+00,0.00000000e+00,4.83553650e+02,0.00000000e+00,0.00000000e+00,3.22918385e+02,2.19629685e+02,0.00000000e+00,4.80689721e+02,2.61457574e+02,0.00000000e+00,4.45770503e+02,5.12963061e+02,0.00000000e+00,0.00000000e+00,0.00000000e+00,0.00000000e+00,0.00000000e+00,0.00000000e+00,0.00000000e+00,0.00000000e+00,0.00000000e+00,0.00000000e+00,0.00000000e+00,0.00000000e+00,7.05740208e-03
126,1,0.00000000e+00,0.00000000e+00,4.88020602e+02,0.00000000e+00,0.00000000e+00,3.26599110e+02,2.22823015e+02,0.00000000e+00,4.87430153e+02,2.65704741e+02,0.00000000e+00,4.53649888e+02,5.21979668e+02,0.00000000e+00,0.00000000e+00,0.00000000e+00,0.00000000e+00,0.00000000e+00,0.00000000e+00,0.00000000e+00,0.00000000e+00,0.00000000e+00,0.00000000e+00,0.00000000e+00,0.00000000e+00,7.04210266e-03
127,1,0.00000000e+00,0.00000000e+00,4.94728868e+02,0.00000000e+00,0.00000000e+00,3.31658379e+02,2.26476374e+02,0.00000000e+00,4.96130394e+02,2.70506435e+02,0.00000000e+00,4.62396000e+02,5.30453340e+02,0.00000000e+00,0.00000000e+00,0.00000000e+00,0.00000000e+00,0.00000000e+00,0.00000000e+00,0.00000000e+00,0.00000000e+00,0.00000000e+00,0.00000000e+00,0.00000000e+00,0.00000000e+00,7.06907408e-03
128,1,0.00000000e+00,0.00000000e+00,4.97766142e+02,0.00000000e+00,0.00000000e+00,3.34842714e+02,2.28951371e+02,0.00000000e+00,5.01229800e+02,2.73241873e+02,0.00000000e+00,4.67443089e+02,5.35246067e+02,0.00000000e+00,0.00000000e+00,0.00000000e+00,0.00000000e+00,0.00000000e+00,0.00000000e+00,0.00000000e+00,0.00000000e+00,0.00000000e+00,0.00000000e+00,0.00000000e+00,0.00000000e+00,6.96733081e-03
129,0,,,,,,,,,,,,,,,,,,,,,,,,,,
130,0,,,,,,,,,,,,,,,,,,,,,,,,,,
131,0,,,,,,,,,,,,,,,,,,,,,,,,,,
132,0,,,,,,,,,,,,,,,,,,,,,,,,,,
133,1,0.00000000e+00,0.00000000e+00,4.95418342e+02,0.00000000e+00,0.00000000e+00,3.35011668e+02,2.29891461e+02,0.00000000e+00,5.00490158e+02,2.73239428e+02,0.00000000e+00,4.66931214e+02,5.35403019e+02,0.00000000e+00,0.00000000e+00,0.00000000e+00,0.00000000e+00,0.00000000e+00,0.00000000e+00,0.00000000e+00,0.00000000e+00,0.00000000e+00,0.00000000e+00,0.00000000e+00,0.00000000e+00,6.55367734e-03
134,0,,,,,,,,,,,,,,,,,,,,,,,,,,
135,0,,,,,,,,,,,,,,,,,,,,,,,,,,
136,0,,,,,,,,,,,,,,,,,,,,,,,,,,
137,0,,,,,,,,,,,,,,,,,,,,,,,,,,
138,0,,,,,,,,,,,,,,,,,,,,,,,,,,
139,0,,,,,,,,,,,,,,,,,,,,,,,,,,
140,0,,,,,,,,,,,,,,,,,,,,,,,,,,
141,0,,,,,,,,,,,,,,,,,,,,,,,,,,
142,0,,,,,,,,,,,,,,,,,,,,,,,,,,
143,0,,,,,,,,,,,,,,,,,,,,,,,,,,
144,0,,,,,,,,,,,,,,,,,,,,,,,,,,
145,0,,,,,,,,,,,,,,,,,,,,,,,,,,
146,0,,,,,,,,,,,,,,,,,,,,,,,,,,
147,0,,,,,,,,,,,,,,,,,,,,,,,,,,
148,0,,,,,,,,,,,,,,,,,,,,,,,,,,
149,0,,,,,,,,,,,,,,,,,,,,,,,,,,
150,0,,,,,,,,,,,,,,,,,,,,,,,,,,
151,0,,,,,,,,,,,,,,,,,,,,,,,,,,
152,0,,,,,,,,,,,,,,,,,,,,,,,,,,
153,0,,,,,,,,,,,,,,,,,,,,,,,,,,
154,0,,,,,,,,,,,,,,,,,,,,,,,,,,
155,0,,,,,,,,,,,,,,,,,,,,,,,,,,
156,0,,,,,,,,,,,,,,,,,,,,,,,,,,
157,0,,,,,,,,,,,,,,,,,,,,,,,,,,
158,0,,,,,,,,,,,,,,,,,,,,,,,,,,
159,0,,,,,,,,,,,,,,,,,,,,,,,,,,
160,0,,,,,,,,,,,,,,,,,,,,,,,,,,
161,0,,,,,,,,,,,,,,,,,,,,,,,,,,
162,0,,,,,,,,,,,,,,,,,,,,,,,,,,
163,0,,,,,,,,,,,,,,,,,,,,,,,,,,
164,0,,,,,,,,,,,,,,,,,,,,,,,,,,
165,0,,,,,,,,,,,,,,,,,,,,,,,,,,
166,0,,,,,,,,,,,,,,,,,,,,,,,,,,
167,0,,,,,,,,,,,,,,,,,,,,,,,,,,
168,0,,,,,,,,,,,,,,,,,,,,,,,,,,
169,0,,,,,,,,,,,,,,,,,,,,,,,,,,
170,0,,,,,,,,,,,,,,,,,,,,,,,,,,
171,0,,,,,,,,,,,,,,,,,,,,,,,,,,
172,0,,,,,,,,,,,,,,,,,,,,,,,,,,
173,0,,,,,,,,,,,,,,,,,,,,,,,,,,
174,0,,,,,,,,,,,,,,,,,,,,,,,,,,
175,0,,,,,,,,,,,,,,,,,,,,,,,,,,
176,0,,,,,,,,,,,,,,,,,,,,,,,,,,
177,0,,,,,,,,,,,,,,,,,,,,,,,,,,
178,0,,,,,,,,,,,,,,,,,,,,,,,,,,
179,0,,,,,,,,,,,,,,,,,,,,,,,,,,
180,0,,,,,,,,,,,,,,,,,,,,,,,,,,
181,0,,,,,,,,,,,,,,,,,,,,,,,,,,
182,0,,,,,,,,,,,,,,,,,,,,,,,,,,
183,0,,,,,,,,,,,,,,,,,,,,,,,,,,
184,0,,,,,,,,,,,,,,,,,,,,,,,,,,
185,0,,,,,,,,,,,,,,,,,,,,,,,,,,
186,0,,,,,,,,,,,,,,,,,,,,,,,,,,
187,0,,,,,,,,,,,,,,,,,,,,,,,,,,
188,0,,,,,,,,,,,,,,,,,,,,,,,,,,
189,0,,,,,,,,,,,,,,,,,,,,,,,,,,
190,0,,,,,,,,,,,,,,,,,,,,,,,,,,
191,0,,,,,,,,,,,,,,,,,,,,,,,,,,
192,0,,,,,,,,,,,,,,,,,,,,,,,,,,
193,0,,,,,,,,,,,,,,,,,,,,,,,,,,
194,0,,,,,,,,,,,,,,,,,,,,,,,,,,
195,0,,,,,,,,,,,,,,,,,,,,,,,,,,
196,0,,,,,,,,,,,,,,,,,,,,,,,,,,
197,0,,,,,,,,,,,,,,,,,,,,,,,,,,
198,0,,,,,,,,,,,,,,,,,,,,,,,,,,
199,0,,,,,,,,,,,,,,,,,,,,,,,,,,
200,0,,,,,,,,,,,,,,,,,,,,,,,,,,
201,0,,,,,,,,,,,,,,,,,,,,,,,,,,
202,0,,,,,,,,,,,,,,,,,,,,,,,,,,
203,0,,,,,,,,,,,,,,,,,,,,,,,,,,
204,0,,,,,,,,,,,,,,,,,,,,,,,,,,
205,0,,,,,,,,,,,,,,,,,,,,,,,,,,
206,0,,,,,,,,,,,,,,,,,,,,,,,,,,
207,0,,,,,,,,,,,,,,,,,,,,,,,,,,
208,0,,,,,,,,,,,,,,,,,,,,,,,,,,
209,0,,,,,,,,,,,,,,,,,,,,,,,,,,
210,0,,,,,,,,,,,,,,,,,,,,,,,,,,
211,0,,,,,,,,,,,,,,,,,,,,,,,,,,
212,0,,,,,,,,,,,,,,,,,,,,,,,,,,
213,0,,,,,,,,,,,,,,,,,,,,,,,,,,
214,0,,,,,,,,,,,,,,,,,,,,,,,,,,
215,0,,,,,,,,,,,,,,,,,,,,,,,,,,
216,0,,,,,,,,,,,,,,,,,,,,,,,,,,
217,0,,,,,,,,,,,,,,,,,,,,,,,,,,
218,0,,,,,,,,,,,,,,,,,,,,,,,,,,
219,0,,,,,,,,,,,,,,,,,,,,,,,,,,
220,0,,,,,,,,,,,,,,,,,,,,,,,,,,
221,0,,,,,,,,,,,,,,,,,,,,,,,,,,
222,0,,,,,,,,,,,,,,,,,,,,,,,,,,
223,0,,,,,,,,,,,,,,,,,,,,,,,,,,
224,0,,,,,,,,,,,,,,,,,,,,,,,,,,
225,0,,,,,,,,,,,,,,,,,,,,,,,,,,
226,0,,,,,,,,,,,,,,,,,,,,,,,,,,
227,0,,,,,,,,,,,,,,,,,,,,,,,,,,
228,0,,,,,,,,,,,,,,,,,,,,,,,,,,
229,0,,,,,,,,,,,,,,,,,,,,,,,,,,
230,0,,,,,,,,,,,,,,,,,,,,,,,,,,
231,0,,,,,,,,,,,,,,,,,,,,,,,,,,
232,0,,,,,,,,,,,,,,,,,,,,,,,,,,
233,0,,,,,,,,,,,,,,,,,,,,,,,,,,
234,0,,,,,,,,,,,,,,,,,,,,,,,,,,
235,1,0.00000000e+00,0.00000000e+00,4.97414402e+02,0.00000000e+00,0.00000000e+00,3.35822836e+02,2.30462521e+02,0.00000000e+00,5.02685827e+02,2.76547419e+02,0.00000000e+00,4.74454097e+02,5.44561574e+02,0.00000000e+00,0.00000000e+00,0.00000000e+00,0.00000000e+00,0.00000000e+00,0.00000000e+00,0.00000000e+00,0.00000000e+00,0.00000000e+00,0.00000000e+00,0.00000000e+00,0.00000000e+00,6.48048180e-03
236,0,,,,,,,,,,,,,,,,,,,,,,,,,,
237,0,,,,,,,,,,,,,,,,,,,,,,,,,,
238,1,0.00000000e+00,0.00000000e+00,5.05748034e+02,0.00000000e+00,0.00000000e+00,3.40563421e+02,2.33370487e+02,0.00000000e+00,5.08761074e+02,2.81035894e+02,0.00000000e+00,4.81670871e+02,5.49279512e+02,0.00000000e+00,0.00000000e+00,0.00000000e+00,0.00000000e+00,0.00000000e+00,0.00000000e+00,0.00000000e+00,0.00000000e+00,0.00000000e+00,0.00000000e+00,0.00000000e+00,0.00000000e+00,6.16264926e-03
239,0,,,,,,,,,,,,,,,,,,,,,,,,,,
240,0,,,,,,,,,,,,,,,,,,,,,,,,,,
241,0,,,,,,,,,,,,,,,,,,,,,,,,,,
242,0,,,,,,,,,,,,,,,,,,,,,,,,,,
243,0,,,,,,,,,,,,,,,,,,,,,,,,,,
244,0,,,,,,,,,,,,,,,,,,,,,,,,,,
245,0,,,,,,,,,,,,,,,,,,,,,,,,,,
246,0,,,,,,,,,,,,,,,,,,,,,,,,,,
247,0,,,,,,,,,,,,,,,,,,,,,,,,,,
248,0,,,,,,,,,,,,,,,,,,,,,,,,,,
249,0,,,,,,,,,,,,,,,,,,,,,,,,,,
250,0,,,,,,,,,,,,,,,,,,,,,,,,,,
251,0,,,,,,,,,,,,,,,,,,,,,,,,,,
252,0,,,,,,,,,,,,,,,,,,,,,,,,,,
253,0,,,,,,,,,,,,,,,,,,,,,,,,,,
254,0,,,,,,,,,,,,,,,,,,,,,,,,,,
255,0,,,,,,,,,,,,,,,,,,,,,,,,,,
256,0,,,,,,,,,,,,,,,,,,,,,,,,,,
257,0,,,,,,,,,,,,,,,,,,,,,,,,,,
258,0,,,,,,,,,,,,,,,,,,,,,,,,,,
259,0,,,,,,,,,,,,,,,,,,,,,,,,,,
260,0,,,,,,,,,,,,,,,,,,,,,,,,,,
261,0,,,,,,,,,,,,,,,,,,,,,,,,,,
262,1,0.00000000e+00,0.00000000e+00,5.07187582e+02,0.00000000e+00,0.00000000e+00,3.41124654e+02,2.33786777e+02,0.00000000e+00,5.09753036e+02,2.81552732e+02,0.00000000e+00,4.82335065e+02,5.49481668e+02,0.00000000e+00,0.00000000e+00,0.00000000e+00,0.00000000e+00,0.00000000e+00,0.00000000e+00,0.00000000e+00,0.00000000e+00,0.00000000e+00,0.00000000e+00,0.00000000e+00,0.00000000e+00,5.73081990e-03
263,1,0.00000000e+00,0.00000000e+00,5.10855400e+02,0.00000000e+00,0.00000000e+00,3.42639199e+02,2.33841883e+02,0.00000000e+00,5.11445306e+02,2.85076894e+02,0.00000000e+00,4.89403881e+02,5.54925790e+02,0.00000000e+00,0.00000000e+00,0.00000000e+00,0.00000000e+00,0.00000000e+00,0.00000000e+00,0.00000000e+00,0.00000000e+00,0.00000000e+00,0.00000000e+00,0.00000000e+00,0.00000000e+00,5.70305046e-03
264,1,0.00000000e+00,0.00000000e+00,5.12169696e+02,0.00000000e+00,0.00000000e+00,3.43567363e+02,2.34423812e+02,0.00000000e+00,5.12049067e+02,2.89127751e+02,0.00000000e+00,5.00487052e+02,5.66937726e+02,0.00000000e+00,0.00000000e+00,0.00000000e+00,0.00000000e+00,0.00000000e+00,0.00000000e+00,0.00000000e+00,0.00000000e+00,0.00000000e+00,0.00000000e+00,0.00000000e+00,0.00000000e+00,5.93810299e-03
265,1,0.00000000e+00,0.00000000e+00,5.17663836e+02,0.00000000e+00,0.00000000e+00,3.48825241e+02,2.37295342e+02,0.00000000e+00,5.17065709e+02,2.93058790e+02,0.00000000e+00,5.05949459e+02,5.72710665e+02,0.00000000e+00,0.00000000e+00,0.00000000e+00,0.00000000e+00,0.00000000e+00,0.00000000e+00,0.00000000e+00,0.00000000e+00,0.00000000e+00,0.00000000e+00,0.00000000e+00,0.00000000e+00,5.80050080e-03
266,1,0.00000000e+00,0.00000000e+00,5.18778811e+02,0.00000000e+00,0.00000000e+00,3.49771988e+02,2.38455919e+02,0.00000000e+00,5.18944426e+02,2.94612181e+02,0.00000000e+00,5.08104465e+02,5.75008740e+02,0.00000000e+00,0.00000000e+00,0.00000000e+00,0.00000000e+00,0.00000000e+00,0.00000000e+00,0.00000000e+00,0.00000000e+00,0.00000000e+00,0.00000000e+00,0.00000000e+00,0.00000000e+00,5.42066236e-03
267,1,0.00000000e+00,0.00000000e+00,5.21620275e+02,0.00000000e+00,0.00000000e+00,3.52339427e+02,2.40468194e+02,0.00000000e+00,5.22519619e+02,2.98135818e+02,0.00000000e+00,5.13825597e+02,5.80585464e+02,0.00000000e+00,0.00000000e+00,0.00000000e+00,0.00000000e+00,0.00000000e+00,0.00000000e+00,0.00000000e+00,0.00000000e+00,0.00000000e+00,0.00000000e+00,0.00000000e+00,0.00000000e+00,5.43903855e-03
268,1,0.00000000e+00,0.00000000e+00,5.24951840e+02,0.00000000e+00,0.00000000e+00,3.54699138e+02,2.42316288e+02,0.00000000e+00,5.25951938e+02,3.01694394e+02,0.00000000e+00,5.20104700e+02,5.86792770e+02,0.00000000e+00,0.00000000e+00,0.00000000e+00,0.00000000e+00,0.00000000e+00,0.00000000e+00,0.00000000e+00,0.00000000e+00,0.00000000e+00,0.00000000e+00,0.00000000e+00,0.00000000e+00,5.51130776e-03
269,1,0.00000000e+00,0.00000000e+00,5.25935306e+02,0.00000000e+00,0.00000000e+00,3.55770477e+02,2.43497805e+02,0.00000000e+00,5.28146297e+02,3.03382398e+02,0.00000000e+00,5.22460153e+02,5.89745008e+02,0.00000000e+00,0.00000000e+00,0.00000000e+00,0.00000000e+00,0.00000000e+00,0.00000000e+00,0.00000000e+00,0.00000000e+00,0.00000000e+00,0.00000000e+00,0.00000000e+00,0.00000000e+00,5.24736322e-03
270,0,,,,,,,,,,,,,,,,,,,,,,,,,,
271,1,0.00000000e+00,0.00000000e+00,5.27566367e+02,0.00000000e+00,0.00000000e+00,3.56830196e+02,2.44453820e+02,0.00000000e+00,5.30121117e+02,3.05002215e+02,0.00000000e+00,5.25214009e+02,5.92874997e+02,0.00000000e+00,0.00000000e+00,0.00000000e+00,0.00000000e+00,0.00000000e+00,0.00000000e+00,0.00000000e+00,0.00000000e+00,0.00000000e+00,0.00000000e+00,0.00000000e+00,0.00000000e+00,5.16682302e-03
272,1,0.00000000e+00,0.00000000e+00,5.30522095e+02,0.00000000e+00,0.00000000e+00,3.60225135e+02,2.46009566e+02,0.00000000e+00,5.33697031e+02,3.10974425e+02,0.00000000e+00,5.39484201e+02,6.07221289e+02,0.00000000e+00,0.00000000e+00,0.00000000e+00,0.00000000e+00,0.00000000e+00,0.00000000e+00,0.00000000e+00,0.00000000e+00,0.00000000e+00,0.00000000e+00,0.00000000e+00,0.00000000e+00,5.91553276e-03
273,1,0.00000000e+00,0.00000000e+00,5.29534735e+02,0.00000000e+00,0.00000000e+00,3.60710626e+02,2.46318600e+02,0.00000000e+00,5.34061173e+02,3.11338888e+02,0.00000000e+00,5.39445075e+02,6.08226623e+02,0.00000000e+00,0.00000000e+00,0.00000000e+00,0.00000000e+00,0.00000000e+00,0.00000000e+00,0.00000000e+00,0.00000000e+00,0.00000000e+00,0.00000000e+00,0.00000000e+00,0.00000000e+00,5.52443063e-03
274,1,0.00000000e+00,0.00000000e+00,5.31074614e+02,0.00000000e+00,0.00000000e+00,3.62027378e+02,2.47676522e+02,0.00000000e+00,5.35728041e+02,3.12197007e+02,0.00000000e+00,5.40039950e+02,6.09877030e+02,0.00000000e+00,0.00000000e+00,0.00000000e+00,0.00000000e+00,0.00000000e+00,0.00000000e+00,0.00000000e+00,0.00000000e+00,0.00000000e+00,0.00000000e+00,0.00000000e+00,0.00000000e+00,5.32202038e-03
275,1,0.00000000e+00,0.00000000e+00,5.32785502e+02,0.00000000e+00,0.00000000e+00,3.63706595e+02,2.49043406e+02,0.00000000e+00,5.38058978e+02,3.14177421e+02,0.00000000e+00,5.42816315e+02,6.12904782e+02,0.00000000e+00,0.00000000e+00,0.00000000e+00,0.00000000e+00,0.00000000e+00,0.00000000e+00,0.00000000e+00,0.00000000e+00,0.00000000e+00,0.00000000e+00,0.00000000e+00,0.00000000e+00,5.00890734e-03
276,1,0.00000000e+00,0.00000000e+00,5.43006131e+02,0.00000000e+00,0.00000000e+00,3.71282121e+02,2.53675891e+02,0.00000000e+00,5.46061390e+02,3.19157696e+02,0.00000000e+00,5.49576195e+02,6.19891093e+02,0.00000000e+00,0.00000000e+00,0.00000000e+00,0.00000000e+00,0.00000000e+00,0.00000000e+00,0.00000000e+00,0.00000000e+00,0.00000000e+00,0.00000000e+00,0.00000000e+00,0.00000000e+00,5.16557695e-03
277,1,0.00000000e+00,0.00000000e+00,5.44151142e+02,0.00000000e+00,0.00000000e+00,3.72428603e+02,2.54513267e+02,0.00000000e+00,5.47609005e+02,3.21083989e+02,0.00000000e+00,5.53271791e+02,6.23723183e+02,0.00000000e+00,0.00000000e+00,0.00000000e+00,0.00000000e+00,0.00000000e+00,0.00000000e+00,0.00000000e+00,0.00000000e+00,0.00000000e+00,0.00000000e+00,0.00000000e+00,0.00000000e+00,5.04860258e-03
278,1,0.00000000e+00,0.00000000e+00,5.44350979e+02,0.00000000e+00,0.00000000e+00,3.73575079e+02,2.55301804e+02,0.00000000e+00,5.49082362e+02,3.21332489e+02,0.00000000e+00,5.53076257e+02,6.24504402e+02,0.00000000e+00,0.00000000e+00,0.00000000e+00,0.00000000e+00,0.00000000e+00,0.00000000e+00,0.00000000e+00,0.00000000e+00,0.00000000e+00,0.00000000e+00,0.00000000e+00,0.00000000e+00,4.66516472e-03
279,1,0.00000000e+00,0.00000000e+00,5.44822474e+02,0.00000000e+00,0.00000000e+00,3.74639354e+02,2.56086144e+02,0.00000000e+00,5.50708188e+02,3.21554749e+02,0.00000000e+00,5.52788613e+02,6.25038611e+02,0.00000000e+00,0.00000000e+00,0.00000000e+00,0.00000000e+00,0.00000000e+00,0.00000000e+00,0.00000000e+00,0.00000000e+00,0.00000000e+00,0.00000000e+00,0.00000000e+00,0.00000000e+00,4.66863522e-03
280,1,0.00000000e+00,0.00000000e+00,5.45950581e+02,0.00000000e+00,0.00000000e+00,3.74982371e+02,2.56341092e+02,0.00000000e+00,5.52138201e+02,3.24302678e+02,0.00000000e+00,5.57593454e+02,6.27506427e+02,0.00000000e+00,0.00000000e+00,0.00000000e+00,0.00000000e+00,0.00000000e+00,0.00000000e+00,0.00000000e+00,0.00000000e+00,0.00000000e+00,0.00000000e+00,0.00000000e+00,0.00000000e+00,3.93957934e-03
281,1,0.00000000e+00,0.00000000e+00,5.49145498e+02,0.00000000e+00,0.00000000e+00,3.77408074e+02,2.57724249e+02,0.00000000e+00,5.55704584e+02,3.29171060e+02,0.00000000e+00,5.66106340e+02,6.33949445e+02,0.00000000e+00,0.00000000e+00,0.00000000e+00,0.00000000e+00,0.00000000e+00,0.00000000e+00,0.00000000e+00,0.00000000e+00,0.00000000e+00,0.00000000e+00,0.00000000e+00,0.00000000e+00,3.94122900e-03
282,1,0.00000000e+00,0.00000000e+00,5.55391552e+02,0.00000000e+00,0.00000000e+00,3.81786038e+02,2.60272946e+02,0.00000000e+00,5.59678995e+02,3.30756838e+02,0.00000000e+00,5.67004368e+02,6.34214609e+02,0.00000000e+00,0.00000000e+00,0.00000000e+00,0.00000000e+00,0.00000000e+00,0.00000000e+00,0.00000000e+00,0.00000000e+00,0.00000000e+00,0.00000000e+00,0.00000000e+00,0.00000000e+00,3.83369101e-03
283,1,0.00000000e+00,0.00000000e+00,5.58263666e+02,0.00000000e+00,0.00000000e+00,3.83900139e+02,2.60732305e+02,0.00000000e+00,5.61998401e+02,3.33696631e+02,0.00000000e+00,5.72444056e+02,6.39357249e+02,0.00000000e+00,0.00000000e+00,0.00000000e+00,0.00000000e+00,0.00000000e+00,0.00000000e+00,0.00000000e+00,0.00000000e+00,0.00000000e+00,0.00000000e+00,0.00000000e+00,0.00000000e+00,3.72575732e-03
284,0,,,,,,,,,,,,,,,,,,,,,,,,,,
285,1,0.00000000e+00,0.00000000e+00,5.61589983e+02,0.00000000e+00,0.00000000e+00,3.87744943e+02,2.62723881e+02,0.00000000e+00,5.66380948e+02,3.38049837e+02,0.00000000e+00,5.80043352e+02,6.46620616e+02,0.00000000e+00,0.00000000e+00,0.00000000e+00,0.00000000e+00,0.00000000e+00,0.00000000e+00,0.00000000e+00,0.00000000e+00,0.00000000e+00,0.00000000e+00,0.00000000e+00,0.00000000e+00,3.76547691e-03
286,1,0.00000000e+00,0.00000000e+00,5.66529980e+02,0.00000000e+00,0.00000000e+00,3.92726944e+02,2.65330560e+02,0.00000000e+00,5.71814698e+02,3.42789166e+02,0.00000000e+00,5.88061988e+02,6.53995140e+02,0.00000000e+00,0.00000000e+00,0.00000000e+00,0.00000000e+00,0.00000000e+00,0.00000000e+00,0.00000000e+00,0.00000000e+00,0.00000000e+00,0.00000000e+00,0.00000000e+00,0.00000000e+00,4.22945356e-03
287,1,0.00000000e+00,0.00000000e+00,5.68077138e+02,0.00000000e+00,0.00000000e+00,3.94706997e+02,2.66615207e+02,0.00000000e+00,5.74241961e+02,3.45307228e+02,0.00000000e+00,5.92567689e+02,6.58947583e+02,0.00000000e+00,0.00000000e+00,0.00000000e+00,0.00000000e+00,0.00000000e+00,0.00000000e+00,0.00000000e+00,0.00000000e+00,0.00000000e+00,0.00000000e+00,0.00000000e+00,0.00000000e+00,4.35574469e-03
288,1,0.00000000e+00,0.00000000e+00,5.70755485e+02,0.00000000e+00,0.00000000e+00,3.97113156e+02,2.68051215e+02,0.00000000e+00,5.77730958e+02,3.48348865e+02,0.00000000e+00,5.98293048e+02,6.65354292e+02,0.00000000e+00,0.00000000e+00,0.00000000e+00,0.00000000e+00,0.00000000e+00,0.00000000e+00,0.00000000e+00,0.00000000e+00,0.00000000e+00,0.00000000e+00,0.00000000e+00,0.00000000e+00,4.88114955e-03
289,1,0.00000000e+00,0.00000000e+00,5.73815116e+02,0.00000000e+00,0.00000000e+00,4.00181516e+02,2.69779569e+02,0.00000000e+00,5.81656828e+02,3.52203523e+02,0.00000000e+00,6.05518566e+02,6.74038616e+02,0.00000000e+00,0.00000000e+00,0.00000000e+00,0.00000000e+00,0.00000000e+00,0.00000000e+00,0.00000000e+00,0.00000000e+00,0.00000000e+00,0.00000000e+00,0.00000000e+00,0.00000000e+00,5.55265132e-03
290,0,,,,,,,,,,,,,,,,,,,,,,,,,,
291,0,,,,,,,,,,,,,,,,,,,,,,,,,,
292,1,0.00000000e+00,0.00000000e+00,5.74348178e+02,0.00000000e+00,0.00000000e+00,4.00428456e+02,2.70469826e+02,0.00000000e+00,5.82974997e+02,3.54459861e+02,0.00000000e+00,6.09112481e+02,6.78156688e+02,0.00000000e+00,0.00000000e+00,0.00000000e+00,0.00000000e+00,0.00000000e+00,0.00000000e+00,0.00000000e+00,0.00000000e+00,0.00000000e+00,0.00000000e+00,0.00000000e+00,0.00000000e+00,5.09471436e-03
293,1,0.00000000e+00,0.00000000e+00,5.76743850e+02,0.00000000e+00,0.00000000e+00,4.02552877e+02,2.71798709e+02,0.00000000e+00,5.85300097e+02,3.56154830e+02,0.00000000e+00,6.11458292e+02,6.79674932e+02,0.00000000e+00,0.00000000e+00,0.00000000e+00,0.00000000e+00,0.00000000e+00,0.00000000e+00,0.00000000e+00,0.00000000e+00,0.00000000e+00,0.00000000e+00,0.00000000e+00,0.00000000e+00,4.35473622e-03
294,1,0.00000000e+00,0.00000000e+00,5.80694430e+02,0.00000000e+00,0.00000000e+00,4.05868760e+02,2.74204607e+02,0.00000000e+00,5.90200035e+02,3.58937985e+02,0.00000000e+00,6.15087348e+02,6.82598208e+02,0.00000000e+00,0.00000000e+00,0.00000000e+00,0.00000000e+00,0.00000000e+00,0.00000000e+00,0.00000000e+00,0.00000000e+00,0.00000000e+00,0.00000000e+00,0.00000000e+00,0.00000000e+00,3.96383474e-03
295,1,0.00000000e+00,0.00000000e+00,5.83437188e+02,0.00000000e+00,0.00000000e+00,4.08060781e+02,2.75985965e+02,0.00000000e+00,5.93664291e+02,3.61390987e+02,0.00000000e+00,6.18760660e+02,6.86879685e+02,0.00000000e+00,0.00000000e+00,0.00000000e+00,0.00000000e+00,0.00000000e+00,0.00000000e+00,0.00000000e+00,0.00000000e+00,0.00000000e+00,0.00000000e+00,0.00000000e+00,0.00000000e+00,4.13296797e-03
296,1,0.00000000e+00,0.00000000e+00,5.87604562e+02,0.00000000e+00,0.00000000e+00,4.10810263e+02,2.78192351e+02,0.00000000e+00,5.97941737e+02,3.63872345e+02,0.00000000e+00,6.21864325e+02,6.89738371e+02,0.00000000e+00,0.00000000e+00,0.00000000e+00,0.00000000e+00,0.00000000e+00,0.00000000e+00,0.00000000e+00,0.00000000e+00,0.00000000e+00,0.00000000e+00,0.00000000e+00,0.00000000e+00,4.24997075e-03
297,1,0.00000000e+00,0.00000000e+00,5.93086985e+02,0.00000000e+00,0.00000000e+00,4.15507935e+02,2.80548770e+02,0.00000000e+00,6.03361888e+02,3.69410112e+02,0.00000000e+00,6.32546740e+02,7.01344122e+02,0.00000000e+00,0.00000000e+00,0.00000000e+00,0.00000000e+00,0.00000000e+00,0.00000000e+00,0.00000000e+00,0.00000000e+00,0.00000000e+00,0.00000000e+00,0.00000000e+00,0.00000000e+00,4.62502606e-03
298,1,0.00000000e+00,0.00000000e+00,5.99941156e+02,0.00000000e+00,0.00000000e+00,4.20829627e+02,2.83421535e+02,0.00000000e+00,6.09278560e+02,3.74975099e+02,0.00000000e+00,6.43474028e+02,7.12997341e+02,0.00000000e+00,0.00000000e+00,0.00000000e+00,0.00000000e+00,0.00000000e+00,0.00000000e+00,0.00000000e+00,0.00000000e+00,0.00000000e+00,0.00000000e+00,0.00000000e+00,0.00000000e+00,5.11570981e-03
299,1,0.00000000e+00,0.00000000e+00,6.04318872e+02,0.00000000e+00,0.00000000e+00,4.25171478e+02,2.85520405e+02,0.00000000e+00,6.14945312e+02,3.80937510e+02,0.00000000e+00,6.54029767e+02,7.25587039e+02,0.00000000e+00,0.00000000e+00,0.00000000e+00,0.00000000e+00,0.00000000e+00,0.00000000e+00,0.00000000e+00,0.00000000e+00,0.00000000e+00,0.00000000e+00,0.00000000e+00,0.00000000e+00,5.58842255e-03
