frame,path,teacher_conf,accepted,accepted_final,passed_base_gate,passed_motion_gate,passed_persistence_gate,teacher_num_candidates,teacher_selected_rank,teacher_selected_score,teacher_selected_score_conf,teacher_selected_score_temporal,persistence_count,temporal_iou,persistence_iou,center_shift_frac,area_ratio,num_pseudo_boxes_used,buffer_size,update_event_triggered,update_applied,updates_this_frame,batch_size_used,det_loss,total_loss,teacher_latency_ms,student_post_conf,student_post_latency_ms,update_latency_ms,frame_latency_ms
0,/home/hm25936/datasets_for_yolo/lab_images_6000/images/test/img_00001.jpg,0.641048,0,0,0,1,0,1,1,0.641048,0.641048,0.000000,0,,,,,0,0,0,0,0,0,,,13.801,0.641048,44.388,0.000,77.487
1,/home/hm25936/datasets_for_yolo/lab_images_6000/images/test/img_00002.jpg,0.641048,0,0,0,1,0,1,1,1.641048,0.641048,1.000000,0,,,0.000000,1.000000,0,0,0,0,0,0,,,14.059,0.641048,13.063,0.000,42.450
2,/home/hm25936/datasets_for_yolo/lab_images_6000/images/test/img_00003.jpg,0.776923,0,0,0,1,0,1,1,1.605282,0.776923,0.828359,0,,,0.016354,1.054807,0,0,0,0,0,0,,,13.299,0.776923,13.415,0.000,40.394
3,/home/hm25936/datasets_for_yolo/lab_images_6000/images/test/img_00004.jpg,0.680275,0,0,0,1,0,1,1,1.362378,0.680275,0.682103,0,,,0.030284,1.102039,0,0,0,0,0,0,,,12.540,0.680275,13.259,0.000,36.703
4,/home/hm25936/datasets_for_yolo/lab_images_6000/images/test/img_00005.jpg,0.748070,0,0,0,1,0,1,1,1.410459,0.748070,0.662390,0,,,0.020877,1.175343,0,0,0,0,0,0,,,11.867,0.748070,11.780,0.000,38.959
5,/home/hm25936/datasets_for_yolo/lab_images_6000/images/test/img_00006.jpg,0.748070,0,0,0,1,0,1,1,1.748070,0.748070,1.000000,0,,,0.000000,1.000000,0,0,0,0,0,0,,,11.990,0.748070,11.827,0.000,34.096
6,/home/hm25936/datasets_for_yolo/lab_images_6000/images/test/img_00007.jpg,0.774327,0,0,0,1,0,1,1,1.653825,0.774327,0.879498,0,,,0.010755,1.037224,0,0,0,0,0,0,,,12.199,0.774327,12.042,0.000,36.164
7,/home/hm25936/datasets_for_yolo/lab_images_6000/images/test/img_00008.jpg,0.762984,0,0,0,0,0,1,1,0.762984,0.762984,0.000000,0,,,0.233661,2.190912,0,0,0,0,0,0,,,11.652,0.762984,11.413,0.000,32.747
8,/home/hm25936/datasets_for_yolo/lab_images_6000/images/test/img_00009.jpg,0.787730,0,0,0,1,0,1,1,1.765290,0.787730,0.977559,0,,,0.002497,1.006085,0,0,0,0,0,0,,,12.826,0.787730,11.585,0.000,40.583
9,/home/hm25936/datasets_for_yolo/lab_images_6000/images/test/img_00010.jpg,0.269051,0,0,0,0,0,1,1,0.269051,0.269051,0.000000,0,,,0.211951,5.469030,0,0,0,0,0,0,,,11.409,0.269051,11.577,0.000,32.882
10,/home/hm25936/datasets_for_yolo/lab_images_6000/images/test/img_00011.jpg,0.735096,0,0,0,1,0,1,1,0.739963,0.735096,0.004866,0,,,0.032259,2.478429,0,0,0,0,0,0,,,11.518,0.735096,11.658,0.000,32.946
11,/home/hm25936/datasets_for_yolo/lab_images_6000/images/test/img_00012.jpg,0.720707,0,0,0,1,0,1,1,1.463155,0.720707,0.742448,0,,,0.030030,1.013718,0,0,0,0,0,0,,,11.949,0.720707,11.765,0.000,34.009
12,/home/hm25936/datasets_for_yolo/lab_images_6000/images/test/img_00013.jpg,0.629040,0,0,0,1,0,1,1,1.389926,0.629040,0.760885,0,,,0.022938,1.090497,0,0,0,0,0,0,,,12.326,0.629040,12.922,0.000,40.526
13,/home/hm25936/datasets_for_yolo/lab_images_6000/images/test/img_00014.jpg,0.710388,0,0,0,1,0,1,1,1.520305,0.710388,0.809917,0,,,0.018965,1.064024,0,0,0,0,0,0,,,14.251,0.710388,13.569,0.000,37.276
14,/home/hm25936/datasets_for_yolo/lab_images_6000/images/test/img_00015.jpg,0.710388,0,0,0,1,0,1,1,1.710388,0.710388,1.000000,0,,,0.000000,1.000000,0,0,0,0,0,0,,,13.440,0.710388,13.231,0.000,38.574
15,/home/hm25936/datasets_for_yolo/lab_images_6000/images/test/img_00016.jpg,0.608971,0,0,0,1,0,1,1,1.192851,0.608971,0.583880,0,,,0.046908,1.153310,0,0,0,0,0,0,,,12.112,0.608971,12.156,0.000,34.850
16,/home/hm25936/datasets_for_yolo/lab_images_6000/images/test/img_00017.jpg,0.766669,0,0,0,1,0,1,1,0.788835,0.766669,0.022166,0,,,0.180199,1.871497,0,0,0,0,0,0,,,11.518,0.766669,11.362,0.000,36.558
17,/home/hm25936/datasets_for_yolo/lab_images_6000/images/test/img_00018.jpg,0.758212,0,0,0,1,0,1,1,1.582178,0.758212,0.823966,0,,,0.020256,1.052528,0,0,0,0,0,0,,,12.663,0.758212,12.147,0.000,35.350
18,/home/hm25936/datasets_for_yolo/lab_images_6000/images/test/img_00019.jpg,0.593200,0,0,0,1,0,2,2,1.150427,0.593200,0.557227,0,,,0.053537,1.167476,0,0,0,0,0,0,,,12.009,0.777303,12.535,0.000,47.160
19,/home/hm25936/datasets_for_yolo/lab_images_6000/images/test/img_00020.jpg,0.593200,0,0,0,1,0,2,2,1.593200,0.593200,1.000000,0,,,0.000000,1.000000,0,0,0,0,0,0,,,12.069,0.777303,12.599,0.000,44.598
20,/home/hm25936/datasets_for_yolo/lab_images_6000/images/test/img_00021.jpg,0.850822,0,0,0,0,0,2,1,0.850822,0.850822,0.000000,0,,,0.232174,1.978745,0,0,0,0,0,0,,,12.557,0.850822,12.413,0.000,40.768
21,/home/hm25936/datasets_for_yolo/lab_images_6000/images/test/img_00022.jpg,0.837120,0,0,0,1,0,2,1,1.814892,0.837120,0.977772,0,,,0.001931,1.006961,0,0,0,0,0,0,,,12.103,0.837120,12.078,0.000,33.309
22,/home/hm25936/datasets_for_yolo/lab_images_6000/images/test/img_00023.jpg,0.837567,0,0,0,1,0,2,1,1.813120,0.837567,0.975553,0,,,0.002466,1.000904,0,0,0,0,0,0,,,12.432,0.837567,11.923,0.000,36.309
23,/home/hm25936/datasets_for_yolo/lab_images_6000/images/test/img_00024.jpg,0.839836,0,0,0,1,0,1,1,1.833293,0.839836,0.993457,0,,,0.000653,1.000644,0,0,0,0,0,0,,,13.270,0.839836,12.510,0.000,35.099
24,/home/hm25936/datasets_for_yolo/lab_images_6000/images/test/img_00025.jpg,0.855603,0,0,0,1,0,1,1,1.810507,0.855603,0.954905,0,,,0.004687,1.000654,0,0,0,0,0,0,,,12.480,0.855603,14.157,0.000,40.591
25,/home/hm25936/datasets_for_yolo/lab_images_6000/images/test/img_00026.jpg,0.761126,0,0,0,0,0,1,1,0.761126,0.761126,0.000000,0,,,0.250604,2.383342,0,0,0,0,0,0,,,11.717,0.761126,11.578,0.000,33.609
26,/home/hm25936/datasets_for_yolo/lab_images_6000/images/test/img_00027.jpg,0.796143,0,0,0,0,0,2,1,0.796143,0.796143,0.000000,0,,,0.241409,2.307664,0,0,0,0,0,0,,,11.936,0.796143,12.810,0.000,35.568
27,/home/hm25936/datasets_for_yolo/lab_images_6000/images/test/img_00028.jpg,0.777080,0,0,0,1,0,2,1,1.713976,0.777080,0.936896,0,,,0.005084,1.021655,0,0,0,0,0,0,,,12.263,0.777080,11.933,0.000,34.900
28,/home/hm25936/datasets_for_yolo/lab_images_6000/images/test/img_00029.jpg,0.807009,0,0,0,1,0,2,1,1.743478,0.807009,0.936468,0,,,0.006205,1.008997,0,0,0,0,0,0,,,12.069,0.807009,11.954,0.000,37.564
29,/home/hm25936/datasets_for_yolo/lab_images_6000/images/test/img_00030.jpg,0.786611,0,0,0,1,0,2,1,1.703227,0.786611,0.916616,0,,,0.006552,1.032420,0,0,0,0,0,0,,,12.026,0.786611,11.937,0.000,32.531
30,/home/hm25936/datasets_for_yolo/lab_images_6000/images/test/img_00031.jpg,0.574654,0,0,0,0,0,2,1,0.574654,0.574654,0.000000,0,,,0.220021,1.832352,0,0,0,0,0,0,,,11.878,0.574654,12.270,0.000,35.868
31,/home/hm25936/datasets_for_yolo/lab_images_6000/images/test/img_00032.jpg,0.677804,0,0,0,0,0,2,1,0.677804,0.677804,0.000000,0,,,0.204716,9.919765,0,0,0,0,0,0,,,12.503,0.677804,12.692,0.000,33.762
32,/home/hm25936/datasets_for_yolo/lab_images_6000/images/test/img_00033.jpg,0.697927,0,0,0,1,0,2,1,1.671833,0.697927,0.973906,0,,,0.001428,1.004984,0,0,0,0,0,0,,,12.808,0.697927,12.726,0.000,39.414
33,/home/hm25936/datasets_for_yolo/lab_images_6000/images/test/img_00034.jpg,0.697927,0,0,0,1,0,2,1,1.697927,0.697927,1.000000,0,,,0.000000,1.000000,0,0,0,0,0,0,,,11.838,0.697927,11.623,0.000,33.987
34,/home/hm25936/datasets_for_yolo/lab_images_6000/images/test/img_00035.jpg,0.453176,0,0,0,1,0,2,2,1.098044,0.453176,0.644868,0,,,0.025500,1.171926,0,0,0,0,0,0,,,11.982,0.690378,12.749,0.000,45.218
35,/home/hm25936/datasets_for_yolo/lab_images_6000/images/test/img_00036.jpg,0.564345,0,0,0,1,0,2,2,0.834954,0.564345,0.270610,0,,,0.079027,1.487239,0,0,0,0,0,0,,,11.997,0.709036,12.356,0.000,43.426
36,/home/hm25936/datasets_for_yolo/lab_images_6000/images/test/img_00037.jpg,0.641048,0,0,0,0,0,1,1,0.641048,0.641048,0.000000,0,,,0.443983,2.861190,0,0,0,0,0,0,,,12.385,0.641048,11.451,0.000,39.156
37,/home/hm25936/datasets_for_yolo/lab_images_6000/images/test/img_00038.jpg,0.707168,0,0,0,1,0,2,1,1.349001,0.707168,0.641833,0,,,0.041494,1.086768,0,0,0,0,0,0,,,11.777,0.707168,11.590,0.000,33.162
38,/home/hm25936/datasets_for_yolo/lab_images_6000/images/test/img_00039.jpg,0.408099,0,0,0,1,0,2,2,0.723012,0.408099,0.314913,0,,,0.090652,1.279352,0,0,0,0,0,0,,,11.726,0.582385,11.867,0.000,44.358
39,/home/hm25936/datasets_for_yolo/lab_images_6000/images/test/img_00040.jpg,0.654145,0,0,0,1,0,2,1,0.759797,0.654145,0.105652,0,,,0.152884,1.443241,0,0,0,0,0,0,,,12.528,0.654145,12.117,0.000,35.346
40,/home/hm25936/datasets_for_yolo/lab_images_6000/images/test/img_00041.jpg,0.810247,0,0,0,1,0,1,1,1.788028,0.810247,0.977781,0,,,0.001960,1.002877,0,0,0,0,0,0,,,12.597,0.810247,11.727,0.000,39.356
41,/home/hm25936/datasets_for_yolo/lab_images_6000/images/test/img_00042.jpg,0.807693,0,0,0,1,0,2,1,1.763469,0.807693,0.955776,0,,,0.004343,1.013998,0,0,0,0,0,0,,,11.791,0.807693,11.680,0.000,33.362
42,/home/hm25936/datasets_for_yolo/lab_images_6000/images/test/img_00043.jpg,0.755115,0,0,0,1,0,2,1,1.706930,0.755115,0.951815,0,,,0.002373,1.022551,0,0,0,0,0,0,,,11.437,0.755115,11.796,0.000,33.160
43,/home/hm25936/datasets_for_yolo/lab_images_6000/images/test/img_00044.jpg,0.755115,0,0,0,1,0,2,1,1.755115,0.755115,1.000000,0,,,0.000000,1.000000,0,0,0,0,0,0,,,11.864,0.755115,15.083,0.000,35.493
44,/home/hm25936/datasets_for_yolo/lab_images_6000/images/test/img_00045.jpg,0.466580,0,0,0,1,0,2,2,1.052505,0.466580,0.585925,0,,,0.049906,1.151482,0,0,0,0,0,0,,,11.636,0.492451,12.073,0.000,46.202
45,/home/hm25936/datasets_for_yolo/lab_images_6000/images/test/img_00046.jpg,0.000000,0,0,0,0,0,0,0,,,,0,,,,,0,0,0,0,0,0,,,11.764,0.194959,11.597,0.000,33.214
46,/home/hm25936/datasets_for_yolo/lab_images_6000/images/test/img_00047.jpg,0.510390,0,0,0,1,0,1,1,0.510390,0.510390,0.000000,0,,,,,0,0,0,0,0,0,,,11.308,0.510390,11.361,0.000,32.099
47,/home/hm25936/datasets_for_yolo/lab_images_6000/images/test/img_00048.jpg,0.341069,0,0,0,1,0,2,2,1.220502,0.341069,0.879434,0,,,0.013318,1.032040,0,0,0,0,0,0,,,11.570,0.399717,11.719,0.000,40.114
48,/home/hm25936/datasets_for_yolo/lab_images_6000/images/test/img_00049.jpg,0.679488,0,0,0,0,0,2,1,0.679488,0.679488,0.000000,0,,,0.175943,8.918719,0,0,0,0,0,0,,,12.219,0.679488,11.749,0.000,39.736
49,/home/hm25936/datasets_for_yolo/lab_images_6000/images/test/img_00050.jpg,0.734312,0,0,0,1,0,2,1,1.105777,0.734312,0.371464,0,,,0.063736,1.358659,0,0,0,0,0,0,,,11.902,0.734312,11.751,0.000,31.976
50,/home/hm25936/datasets_for_yolo/lab_images_6000/images/test/img_00051.jpg,0.664311,0,0,0,1,0,2,1,1.255373,0.664311,0.591062,0,,,0.037911,1.145598,0,0,0,0,0,0,,,11.696,0.664311,12.207,0.000,35.229
51,/home/hm25936/datasets_for_yolo/lab_images_6000/images/test/img_00052.jpg,0.630266,0,0,0,1,0,2,1,1.287476,0.630266,0.657210,0,,,0.031570,1.132426,0,0,0,0,0,0,,,11.745,0.630266,11.732,0.000,32.024
52,/home/hm25936/datasets_for_yolo/lab_images_6000/images/test/img_00053.jpg,0.630266,0,0,0,1,0,2,1,1.630266,0.630266,1.000000,0,,,0.000000,1.000000,0,0,0,0,0,0,,,12.780,0.630266,11.691,0.000,39.456
53,/home/hm25936/datasets_for_yolo/lab_images_6000/images/test/img_00054.jpg,0.380025,0,0,0,1,0,2,2,0.810703,0.380025,0.430677,0,,,0.039806,1.366885,0,0,0,0,0,0,,,11.762,0.509901,12.907,0.000,44.067
54,/home/hm25936/datasets_for_yolo/lab_images_6000/images/test/img_00055.jpg,0.757477,0,0,0,1,0,2,1,0.844264,0.757477,0.086787,0,,,0.107239,1.952091,0,0,0,0,0,0,,,12.562,0.757477,12.106,0.000,35.529
55,/home/hm25936/datasets_for_yolo/lab_images_6000/images/test/img_00056.jpg,0.473823,0,0,0,1,0,2,2,0.817180,0.473823,0.343356,0,,,0.069026,1.374579,0,0,0,0,0,0,,,11.963,0.482319,11.697,0.000,31.997
56,/home/hm25936/datasets_for_yolo/lab_images_6000/images/test/img_00057.jpg,0.631844,0,0,0,1,0,2,1,1.567054,0.631844,0.935210,0,,,0.004211,1.006064,0,0,0,0,0,0,,,12.586,0.631844,12.106,0.000,37.774
57,/home/hm25936/datasets_for_yolo/lab_images_6000/images/test/img_00058.jpg,0.631844,0,0,0,1,0,2,1,1.631844,0.631844,1.000000,0,,,0.000000,1.000000,0,0,0,0,0,0,,,11.715,0.631844,11.656,0.000,33.286
58,/home/hm25936/datasets_for_yolo/lab_images_6000/images/test/img_00059.jpg,0.672385,0,0,0,1,0,2,1,1.583768,0.672385,0.911383,0,,,0.006752,1.016723,0,0,0,0,0,0,,,11.961,0.672385,11.733,0.000,35.290
59,/home/hm25936/datasets_for_yolo/lab_images_6000/images/test/img_00060.jpg,0.737344,0,0,0,1,0,2,1,1.650597,0.737344,0.913254,0,,,0.006004,1.026456,0,0,0,0,0,0,,,12.672,0.737344,11.935,0.000,33.311
60,/home/hm25936/datasets_for_yolo/lab_images_6000/images/test/img_00061.jpg,0.821736,0,0,0,1,0,2,1,0.877333,0.821736,0.055596,0,0.495097,,0.130515,2.015178,0,0,0,0,0,0,,,12.544,0.821736,11.997,0.000,39.963
61,/home/hm25936/datasets_for_yolo/lab_images_6000/images/test/img_00062.jpg,0.821736,0,0,1,1,0,2,1,1.821736,0.821736,1.000000,1,1.000000,,0.000000,1.000000,0,0,0,0,0,0,,,12.139,0.821736,11.995,0.000,34.107
62,/home/hm25936/datasets_for_yolo/lab_images_6000/images/test/img_00063.jpg,0.881057,1,1,1,1,1,2,1,1.761127,0.881057,0.880070,2,0.936009,0.936009,0.006072,1.045485,0,1,0,0,0,0,,,11.886,0.881057,11.720,0.000,35.347
63,/home/hm25936/datasets_for_yolo/lab_images_6000/images/test/img_00064.jpg,0.757122,0,0,0,1,0,2,1,1.687637,0.757122,0.930514,0,,,0.004011,1.023054,0,1,0,0,0,0,,,11.924,0.757122,11.662,0.000,33.513
64,/home/hm25936/datasets_for_yolo/lab_images_6000/images/test/img_00065.jpg,0.539118,0,0,0,0,0,1,1,0.539118,0.539118,0.000000,0,,,0.321684,6.409406,0,1,0,0,0,0,,,11.688,0.539118,11.608,0.000,37.188
65,/home/hm25936/datasets_for_yolo/lab_images_6000/images/test/img_00066.jpg,0.821308,0,0,0,0,0,2,1,0.821308,0.821308,0.000000,0,0.058369,,0.340859,5.742130,0,1,0,0,0,0,,,11.749,0.821308,11.824,0.000,33.568
66,/home/hm25936/datasets_for_yolo/lab_images_6000/images/test/img_00067.jpg,0.736399,0,0,0,1,0,2,1,1.555722,0.736399,0.819323,0,,,0.009668,1.091031,0,1,0,0,0,0,,,11.840,0.736399,11.486,0.000,34.879
67,/home/hm25936/datasets_for_yolo/lab_images_6000/images/test/img_00068.jpg,0.852535,0,0,1,1,0,2,1,1.796501,0.852535,0.943966,1,0.967504,,0.002862,1.015243,0,1,0,0,0,0,,,11.837,0.852535,12.513,0.000,32.863
68,/home/hm25936/datasets_for_yolo/lab_images_6000/images/test/img_00069.jpg,0.389035,0,0,0,1,0,2,2,0.592265,0.389035,0.203230,0,,,0.083786,1.635091,0,1,0,0,0,0,,,11.913,0.420537,11.637,0.000,38.702
69,/home/hm25936/datasets_for_yolo/lab_images_6000/images/test/img_00070.jpg,0.436161,0,0,0,1,0,2,1,0.792818,0.436161,0.356656,0,,,0.073209,1.348220,0,1,0,0,0,0,,,11.770,0.436161,11.779,0.000,31.880
70,/home/hm25936/datasets_for_yolo/lab_images_6000/images/test/img_00071.jpg,0.436161,0,0,0,1,0,2,1,1.436161,0.436161,1.000000,0,,,0.000000,1.000000,0,1,0,0,0,0,,,11.616,0.436161,12.498,0.000,35.651
71,/home/hm25936/datasets_for_yolo/lab_images_6000/images/test/img_00072.jpg,0.753768,0,0,0,1,0,2,1,0.795014,0.753768,0.041246,0,,,0.143928,2.044422,0,1,0,0,0,0,,,13.042,0.753768,11.889,0.000,34.087
72,/home/hm25936/datasets_for_yolo/lab_images_6000/images/test/img_00073.jpg,0.840979,0,0,1,1,0,2,1,1.730676,0.840979,0.889698,1,0.949319,,0.005644,1.053386,0,1,0,0,0,0,,,12.158,0.840979,12.099,0.000,37.819
73,/home/hm25936/datasets_for_yolo/lab_images_6000/images/test/img_00074.jpg,0.877290,1,1,1,1,1,2,1,1.683443,0.877290,0.806153,2,0.911914,0.911914,0.011244,1.094974,0,2,0,0,0,0,,,11.892,0.877290,11.867,0.000,33.773
74,/home/hm25936/datasets_for_yolo/lab_images_6000/images/test/img_00075.jpg,0.868298,1,1,1,1,1,2,1,1.712469,0.868298,0.844171,3,0.926202,0.926202,0.009506,1.064629,0,3,0,0,0,0,,,11.529,0.868298,11.696,0.000,34.935
75,/home/hm25936/datasets_for_yolo/lab_images_6000/images/test/img_00076.jpg,0.890742,1,1,1,1,1,2,1,1.738323,0.890742,0.847581,4,0.930610,0.930610,0.008315,1.074564,4,4,1,1,1,4,10.519547,10.519547,11.826,0.890328,16.307,651.911,692.443
76,/home/hm25936/datasets_for_yolo/lab_images_6000/images/test/img_00077.jpg,0.887858,1,1,1,1,1,2,1,1.793803,0.887858,0.905945,5,0.952992,0.952992,0.003409,1.049326,4,5,1,1,1,4,10.319526,10.319526,12.667,0.886370,13.029,398.788,440.936
77,/home/hm25936/datasets_for_yolo/lab_images_6000/images/test/img_00078.jpg,0.887875,1,1,1,1,1,2,1,1.887655,0.887875,0.999780,6,0.999895,0.999895,0.000011,1.000087,4,6,1,1,1,4,10.039066,10.039066,13.114,0.884818,12.758,745.436,786.425
78,/home/hm25936/datasets_for_yolo/lab_images_6000/images/test/img_00079.jpg,0.898203,1,1,1,1,1,2,1,1.840404,0.898203,0.942201,7,0.963290,0.963290,0.002101,1.017260,4,7,1,1,1,4,9.628740,9.628740,12.681,0.893180,12.913,540.889,580.552
79,/home/hm25936/datasets_for_yolo/lab_images_6000/images/test/img_00080.jpg,0.889714,1,1,1,1,1,2,1,1.849516,0.889714,0.959802,8,0.971321,0.971321,0.000552,1.013685,4,8,1,1,1,4,10.175329,10.175329,12.319,0.881960,13.438,352.599,390.035
80,/home/hm25936/datasets_for_yolo/lab_images_6000/images/test/img_00081.jpg,0.869077,1,1,1,1,1,2,1,1.750785,0.869077,0.881708,9,0.946938,0.946938,0.006551,1.056030,4,9,1,1,1,4,9.611588,9.611588,12.453,0.857636,12.663,618.223,657.289
81,/home/hm25936/datasets_for_yolo/lab_images_6000/images/test/img_00082.jpg,0.667811,0,0,0,1,0,2,1,1.446748,0.667811,0.778937,0,,,0.014579,1.059668,4,9,1,1,1,4,10.190468,10.190468,12.353,0.643800,12.774,497.314,536.148
82,/home/hm25936/datasets_for_yolo/lab_images_6000/images/test/img_00083.jpg,0.882916,0,0,1,1,0,2,1,1.607550,0.882916,0.724635,1,0.873629,,0.018482,1.129139,4,9,1,1,1,4,10.545300,10.545300,12.493,0.864574,12.579,659.510,698.354
83,/home/hm25936/datasets_for_yolo/lab_images_6000/images/test/img_00084.jpg,0.864560,1,1,1,1,1,1,1,1.733896,0.864560,0.869335,2,0.934203,0.934203,0.008248,1.044117,4,10,1,1,1,4,9.765980,9.765980,12.563,0.838669,12.701,626.632,665.298
84,/home/hm25936/datasets_for_yolo/lab_images_6000/images/test/img_00085.jpg,0.877060,1,1,1,1,1,1,1,1.852863,0.877060,0.975803,3,0.987531,0.987531,0.000895,1.011150,4,11,1,1,1,4,10.205922,10.205922,12.574,0.846770,13.071,658.560,696.925
85,/home/hm25936/datasets_for_yolo/lab_images_6000/images/test/img_00086.jpg,0.874989,1,1,1,1,1,2,1,1.788664,0.874989,0.913676,4,0.959796,0.959796,0.004767,1.037211,4,12,1,1,1,4,9.539227,9.539227,12.610,0.841778,12.437,673.861,712.447
86,/home/hm25936/datasets_for_yolo/lab_images_6000/images/test/img_00087.jpg,0.898762,1,1,1,1,1,2,1,1.858860,0.898762,0.960098,5,0.969927,0.969927,0.000847,1.008884,4,13,1,1,1,4,11.659748,11.659748,12.638,0.863697,13.227,544.670,584.010
87,/home/hm25936/datasets_for_yolo/lab_images_6000/images/test/img_00088.jpg,0.898723,1,1,1,1,1,2,1,1.898256,0.898723,0.999534,6,0.999783,0.999783,0.000021,1.000217,4,14,1,1,1,4,10.287079,10.287079,13.263,0.858225,12.642,428.463,466.513
88,/home/hm25936/datasets_for_yolo/lab_images_6000/images/test/img_00089.jpg,0.907152,1,1,1,1,1,2,1,1.748394,0.907152,0.841243,7,0.924139,0.924139,0.009406,1.067169,4,15,1,1,1,4,10.043072,10.043072,12.162,0.859613,12.776,609.181,645.895
89,/home/hm25936/datasets_for_yolo/lab_images_6000/images/test/img_00090.jpg,0.907105,1,1,1,1,1,2,1,1.907037,0.907105,0.999933,8,0.999958,0.999958,0.000005,1.000002,4,16,1,1,1,4,9.210946,9.210946,12.448,0.852871,12.257,666.961,704.855
90,/home/hm25936/datasets_for_yolo/lab_images_6000/images/test/img_00091.jpg,0.910264,1,1,1,1,1,2,1,1.894757,0.910264,0.984492,9,0.990068,0.990068,0.000883,1.001834,4,17,1,1,1,4,9.031645,9.031645,13.044,0.850103,16.148,527.636,569.193
91,/home/hm25936/datasets_for_yolo/lab_images_6000/images/test/img_00092.jpg,0.887784,1,1,1,1,1,1,1,1.820375,0.887784,0.932591,10,0.958730,0.958730,0.003644,1.013819,4,18,1,1,1,4,8.765805,8.765805,12.426,0.821325,12.888,499.802,537.065
92,/home/hm25936/datasets_for_yolo/lab_images_6000/images/test/img_00093.jpg,0.844322,1,1,1,1,1,1,1,1.770680,0.844322,0.926359,11,0.963006,0.963006,0.002779,1.036754,4,19,1,1,1,4,9.680346,9.680346,12.524,0.746746,12.835,371.534,408.964
93,/home/hm25936/datasets_for_yolo/lab_images_6000/images/test/img_00094.jpg,0.898541,1,1,1,1,1,2,1,1.702387,0.898541,0.803846,12,0.902943,0.902943,0.011671,1.081869,4,20,1,1,1,4,10.103836,10.103836,12.519,0.828397,12.682,537.027,574.178
94,/home/hm25936/datasets_for_yolo/lab_images_6000/images/test/img_00095.jpg,0.899422,1,1,1,1,1,1,1,1.788291,0.899422,0.888868,13,0.942978,0.942978,0.005376,1.047013,4,21,1,1,1,4,9.474998,9.474998,12.695,0.826912,12.547,340.903,377.934
95,/home/hm25936/datasets_for_yolo/lab_images_6000/images/test/img_00096.jpg,0.910252,1,1,1,1,1,2,1,1.885675,0.910252,0.975423,14,0.984819,0.984819,0.001493,1.003138,4,22,1,1,1,4,9.150152,9.150152,12.677,0.836394,12.564,499.428,540.210
96,/home/hm25936/datasets_for_yolo/lab_images_6000/images/test/img_00097.jpg,0.910747,1,1,1,1,1,2,1,1.860355,0.910747,0.949608,15,0.960330,0.960330,0.002199,1.000255,4,23,1,1,1,4,9.044374,9.044374,12.519,0.829411,13.577,562.871,601.035
97,/home/hm25936/datasets_for_yolo/lab_images_6000/images/test/img_00098.jpg,0.910649,1,1,1,1,1,2,1,1.910596,0.910649,0.999947,16,0.999966,0.999966,0.000003,1.000006,4,24,1,1,1,4,8.276288,8.276288,13.030,0.826784,14.633,547.221,589.866
98,/home/hm25936/datasets_for_yolo/lab_images_6000/images/test/img_00099.jpg,0.913675,1,1,1,1,1,2,1,1.861880,0.913675,0.948205,17,0.967321,0.967321,0.002451,1.011402,4,25,1,1,1,4,8.309697,8.309697,12.978,0.826450,12.541,479.268,516.548
99,/home/hm25936/datasets_for_yolo/lab_images_6000/images/test/img_00100.jpg,0.913606,1,1,1,1,1,2,1,1.913538,0.913606,0.999932,18,0.999951,0.999951,0.000003,1.000008,4,26,1,1,1,4,8.307675,8.307675,12.233,0.825111,12.369,388.350,426.702
100,/home/hm25936/datasets_for_yolo/lab_images_6000/images/test/img_00101.jpg,0.901599,1,1,1,1,1,1,1,1.865701,0.901599,0.964102,19,0.974212,0.974212,0.002059,1.000126,4,27,1,1,1,4,7.996762,7.996762,12.529,0.809976,12.776,503.424,542.193
101,/home/hm25936/datasets_for_yolo/lab_images_6000/images/test/img_00102.jpg,0.896431,1,1,1,1,1,1,1,1.836661,0.896431,0.940230,20,0.967140,0.967140,0.003664,1.014521,4,28,1,1,1,4,8.066596,8.066596,12.251,0.802334,12.484,571.365,607.945
102,/home/hm25936/datasets_for_yolo/lab_images_6000/images/test/img_00103.jpg,0.900428,1,1,1,1,1,1,1,1.829432,0.900428,0.929005,21,0.962412,0.962412,0.001880,1.038328,4,29,1,1,1,4,8.814281,8.814281,12.509,0.808926,12.657,701.270,739.510
103,/home/hm25936/datasets_for_yolo/lab_images_6000/images/test/img_00104.jpg,0.816926,1,1,1,1,1,2,1,1.740832,0.816926,0.923906,22,0.963186,0.963186,0.004456,1.028387,4,30,1,1,1,4,11.699414,11.699414,12.243,0.703557,12.627,307.760,344.509
104,/home/hm25936/datasets_for_yolo/lab_images_6000/images/test/img_00105.jpg,0.885693,1,1,1,1,1,1,1,1.789899,0.885693,0.904206,23,0.951311,0.951311,0.005475,1.034148,4,31,1,1,1,4,10.168631,10.168631,12.423,0.791001,12.401,343.558,381.765
105,/home/hm25936/datasets_for_yolo/lab_images_6000/images/test/img_00106.jpg,0.885632,1,1,1,1,1,1,1,1.885539,0.885632,0.999907,24,0.999933,0.999933,0.000005,1.000005,4,32,1,1,1,4,9.841869,9.841869,12.453,0.792054,12.615,748.734,785.697
106,/home/hm25936/datasets_for_yolo/lab_images_6000/images/test/img_00107.jpg,0.738372,0,0,0,1,0,2,1,1.648465,0.738372,0.910093,0,,,0.005195,1.019668,4,32,1,1,1,4,11.574070,11.574070,12.481,0.588423,12.785,556.515,595.112
107,/home/hm25936/datasets_for_yolo/lab_images_6000/images/test/img_00108.jpg,0.821324,0,0,1,1,0,2,1,1.748990,0.821324,0.927666,1,0.958731,,0.004047,1.018625,4,32,1,1,1,4,8.227798,8.227798,12.410,0.709626,12.510,688.181,725.046
108,/home/hm25936/datasets_for_yolo/lab_images_6000/images/test/img_00109.jpg,0.890947,1,1,1,1,1,2,1,1.765635,0.890947,0.874688,2,0.928497,0.928497,0.007490,1.031953,4,32,1,1,1,4,9.605124,9.605124,12.682,0.810676,13.489,722.663,761.958
109,/home/hm25936/datasets_for_yolo/lab_images_6000/images/test/img_00110.jpg,0.846023,1,1,1,1,1,1,1,1.673950,0.846023,0.827927,3,0.911334,0.911334,0.011919,1.050924,4,32,1,1,1,4,11.235113,11.235113,12.434,0.761397,14.603,381.091,420.479
110,/home/hm25936/datasets_for_yolo/lab_images_6000/images/test/img_00111.jpg,0.856263,1,1,1,1,1,1,1,1.604994,0.856263,0.748732,4,0.877479,0.877479,0.013905,1.124453,4,32,1,1,1,4,13.026236,13.026236,12.668,0.749168,12.295,624.678,661.280
111,/home/hm25936/datasets_for_yolo/lab_images_6000/images/test/img_00112.jpg,0.880840,1,1,1,1,1,2,1,1.782936,0.880840,0.902096,5,0.936555,0.936555,0.004134,1.024698,4,32,1,1,1,4,10.537688,10.537688,12.504,0.790399,12.467,468.574,508.814
112,/home/hm25936/datasets_for_yolo/lab_images_6000/images/test/img_00113.jpg,0.900349,1,1,1,1,1,2,1,1.829295,0.900349,0.928947,6,0.958765,0.958765,0.002752,1.026371,4,32,1,1,1,4,11.184063,11.184063,12.668,0.813030,14.824,572.249,611.832
113,/home/hm25936/datasets_for_yolo/lab_images_6000/images/test/img_00114.jpg,0.896858,1,1,1,1,1,1,1,1.758599,0.896858,0.861741,7,0.923894,0.923894,0.007408,1.047097,4,32,1,1,1,4,10.359142,10.359142,12.535,0.819112,12.836,505.728,545.256
114,/home/hm25936/datasets_for_yolo/lab_images_6000/images/test/img_00115.jpg,0.905200,1,1,1,1,1,2,1,1.785681,0.905200,0.880481,8,0.933097,0.933097,0.005835,1.042047,4,32,1,1,1,4,11.405899,11.405899,12.836,0.833668,15.349,580.310,622.712
115,/home/hm25936/datasets_for_yolo/lab_images_6000/images/test/img_00116.jpg,0.905165,1,1,1,1,1,2,1,1.905035,0.905165,0.999870,9,0.999928,0.999928,0.000005,1.000047,4,32,1,1,1,4,11.371479,11.371479,12.562,0.833934,12.836,464.719,502.235
116,/home/hm25936/datasets_for_yolo/lab_images_6000/images/test/img_00117.jpg,0.901698,1,1,1,1,1,2,1,1.852051,0.901698,0.950353,10,0.963149,0.963149,0.002445,1.001607,4,32,1,1,1,4,11.987830,11.987830,12.296,0.836747,12.554,819.339,856.607
117,/home/hm25936/datasets_for_yolo/lab_images_6000/images/test/img_00118.jpg,0.901598,1,1,1,1,1,2,1,1.901451,0.901598,0.999853,11,0.999931,0.999931,0.000007,1.000065,4,32,1,1,1,4,11.519773,11.519773,12.511,0.836732,12.471,358.311,397.679
118,/home/hm25936/datasets_for_yolo/lab_images_6000/images/test/img_00119.jpg,0.909134,1,1,1,1,1,2,1,1.819262,0.909134,0.910128,12,0.952933,0.952933,0.004658,1.033219,4,32,1,1,1,4,10.334804,10.334804,13.010,0.841973,13.344,451.832,490.010
119,/home/hm25936/datasets_for_yolo/lab_images_6000/images/test/img_00120.jpg,0.909089,1,1,1,1,1,2,1,1.908902,0.909089,0.999813,13,0.999909,0.999909,0.000012,1.000055,4,32,1,1,1,4,9.885277,9.885277,12.312,0.841836,12.379,438.999,475.569
120,/home/hm25936/datasets_for_yolo/lab_images_6000/images/test/img_00121.jpg,0.909335,1,1,1,1,1,2,1,1.850865,0.909335,0.941530,14,0.971895,0.971895,0.002521,1.028311,4,32,1,1,1,4,9.523417,9.523417,12.274,0.845112,12.283,581.287,617.918
121,/home/hm25936/datasets_for_yolo/lab_images_6000/images/test/img_00122.jpg,0.820356,1,1,1,1,1,2,1,1.692065,0.820356,0.871709,15,0.921789,0.921789,0.004490,1.048918,4,32,1,1,1,4,9.332546,9.332546,12.112,0.735488,18.574,513.195,555.875
122,/home/hm25936/datasets_for_yolo/lab_images_6000/images/test/img_00123.jpg,0.820228,1,1,1,1,1,2,1,1.820131,0.820228,0.999903,16,0.999956,0.999956,0.000005,1.000044,4,32,1,1,1,4,10.642385,10.642385,14.386,0.736523,12.104,583.634,623.090
123,/home/hm25936/datasets_for_yolo/lab_images_6000/images/test/img_00124.jpg,0.851027,1,1,1,1,1,2,1,1.513788,0.851027,0.662761,17,0.737146,0.737146,0.020030,1.001264,4,32,1,1,1,4,10.877824,10.877824,11.808,0.766259,16.964,600.603,643.095
124,/home/hm25936/datasets_for_yolo/lab_images_6000/images/test/img_00125.jpg,0.858797,1,1,1,1,1,1,1,1.473830,0.858797,0.615033,18,0.710403,0.710403,0.022107,1.039986,4,32,1,1,1,4,11.590391,11.590391,12.223,0.758895,12.192,518.958,555.374
125,/home/hm25936/datasets_for_yolo/lab_images_6000/images/test/img_00126.jpg,0.858039,1,1,1,1,1,1,1,1.767578,0.858039,0.909539,19,0.954003,0.954003,0.003569,1.043924,4,32,1,1,1,4,11.228372,11.228372,12.143,0.754724,12.182,377.694,413.536
126,/home/hm25936/datasets_for_yolo/lab_images_6000/images/test/img_00127.jpg,0.857955,1,1,1,1,1,1,1,1.857641,0.857955,0.999686,20,0.999853,0.999853,0.000014,1.000147,4,32,1,1,1,4,11.000406,11.000406,12.284,0.755511,12.261,504.587,542.179
127,/home/hm25936/datasets_for_yolo/lab_images_6000/images/test/img_00128.jpg,0.865732,1,1,1,1,1,2,1,1.829350,0.865732,0.963619,21,0.980698,0.980698,0.000870,1.019682,4,32,1,1,1,4,10.205066,10.205066,12.169,0.768002,12.319,274.326,310.745
128,/home/hm25936/datasets_for_yolo/lab_images_6000/images/test/img_00129.jpg,0.851469,1,1,1,1,1,2,1,1.762559,0.851469,0.911090,22,0.955858,0.955858,0.005098,1.032858,4,32,1,1,1,4,9.741548,9.741548,12.318,0.750734,12.266,456.128,493.910
129,/home/hm25936/datasets_for_yolo/lab_images_6000/images/test/img_00130.jpg,0.780635,0,0,0,1,0,2,1,1.597234,0.780635,0.816599,0,,,0.008206,1.097789,4,32,1,1,1,4,9.496165,9.496165,12.250,0.679734,12.511,433.708,472.351
130,/home/hm25936/datasets_for_yolo/lab_images_6000/images/test/img_00131.jpg,0.745162,0,0,0,1,0,1,1,1.505394,0.745162,0.760233,0,,,0.013799,1.062598,4,32,1,1,1,4,9.703940,9.703940,11.948,0.659708,11.996,602.485,639.385
131,/home/hm25936/datasets_for_yolo/lab_images_6000/images/test/img_00132.jpg,0.611236,0,0,0,1,0,2,1,1.419224,0.611236,0.807987,0,,,0.009270,1.018756,4,32,1,1,1,4,10.428734,10.428734,12.001,0.627958,13.826,376.820,415.658
132,/home/hm25936/datasets_for_yolo/lab_images_6000/images/test/img_00133.jpg,0.462653,0,0,0,1,0,2,1,0.809898,0.462653,0.347246,0,,,0.044392,1.447956,4,32,1,1,1,4,9.413246,9.413246,12.174,0.514442,12.365,804.994,843.117
133,/home/hm25936/datasets_for_yolo/lab_images_6000/images/test/img_00134.jpg,0.838903,0,0,1,1,0,2,1,1.083144,0.838903,0.244241,1,0.572559,,0.066529,1.541193,4,32,1,1,1,4,9.711475,9.711475,11.984,0.774906,12.445,507.369,543.547
134,/home/hm25936/datasets_for_yolo/lab_images_6000/images/test/img_00135.jpg,0.717515,0,0,0,1,0,2,1,1.651195,0.717515,0.933680,0,,,0.003102,1.003837,4,32,1,1,1,4,9.618792,9.618792,12.552,0.643956,12.768,643.501,682.103
135,/home/hm25936/datasets_for_yolo/lab_images_6000/images/test/img_00136.jpg,0.722134,0,0,0,1,0,2,1,1.707081,0.722134,0.984947,0,,,0.000513,1.005576,4,32,1,1,1,4,9.486812,9.486812,12.325,0.648924,13.335,548.945,586.447
136,/home/hm25936/datasets_for_yolo/lab_images_6000/images/test/img_00137.jpg,0.700161,0,0,0,1,0,2,1,1.549499,0.700161,0.849338,0,,,0.008893,1.053651,4,32,1,1,1,4,10.412387,10.412387,13.210,0.623624,15.136,494.520,536.670
137,/home/hm25936/datasets_for_yolo/lab_images_6000/images/test/img_00138.jpg,0.747663,0,0,0,1,0,2,1,1.624224,0.747663,0.876561,0,,,0.006390,1.036896,4,32,1,1,1,4,8.867594,8.867594,12.241,0.683245,12.494,652.345,692.534
138,/home/hm25936/datasets_for_yolo/lab_images_6000/images/test/img_00139.jpg,0.784512,0,0,0,1,0,2,1,1.700537,0.784512,0.916026,0,,,0.001282,1.037425,4,32,1,1,1,4,9.227987,9.227987,12.981,0.718286,12.485,544.067,581.170
139,/home/hm25936/datasets_for_yolo/lab_images_6000/images/test/img_00140.jpg,0.784525,0,0,0,1,0,2,1,1.784082,0.784525,0.999557,0,,,0.000025,1.000168,4,32,1,1,1,4,9.417310,9.417310,12.078,0.722633,12.532,339.129,376.873
140,/home/hm25936/datasets_for_yolo/lab_images_6000/images/test/img_00141.jpg,0.772788,0,0,0,1,0,2,1,1.712353,0.772788,0.939564,0,,,0.003875,1.014400,4,32,1,1,1,4,9.008084,9.008084,12.087,0.717954,12.342,376.597,412.706
141,/home/hm25936/datasets_for_yolo/lab_images_6000/images/test/img_00142.jpg,0.755618,0,0,0,1,0,2,1,1.715625,0.755618,0.960007,0,,,0.001186,1.019859,4,32,1,1,1,4,9.104478,9.104478,12.235,0.697423,12.647,628.545,670.525
142,/home/hm25936/datasets_for_yolo/lab_images_6000/images/test/img_00143.jpg,0.797389,0,0,0,1,0,2,1,1.556583,0.797389,0.759195,0,,,0.011993,1.130486,4,32,1,1,1,4,9.064128,9.064128,13.069,0.748428,12.323,500.198,538.146
143,/home/hm25936/datasets_for_yolo/lab_images_6000/images/test/img_00144.jpg,0.721631,0,0,0,1,0,2,1,1.439652,0.721631,0.718021,0,,,0.013602,1.144068,4,32,1,1,1,4,8.882645,8.882645,12.463,0.641811,12.547,435.241,473.720
144,/home/hm25936/datasets_for_yolo/lab_images_6000/images/test/img_00145.jpg,0.708409,0,0,0,1,0,2,1,1.495636,0.708409,0.787228,0,,,0.014757,1.075995,4,32,1,1,1,4,9.259725,9.259725,12.218,0.634614,12.535,384.522,420.994
145,/home/hm25936/datasets_for_yolo/lab_images_6000/images/test/img_00146.jpg,0.625793,0,0,0,1,0,2,2,1.416104,0.625793,0.790310,0,,,0.009954,1.088665,4,32,1,1,1,4,8.984168,8.984168,12.174,0.557598,12.750,334.177,372.772
146,/home/hm25936/datasets_for_yolo/lab_images_6000/images/test/img_00147.jpg,0.678479,0,0,0,0,0,2,1,0.678479,0.678479,0.000000,0,,,0.448198,4.579928,4,32,1,1,1,4,8.539148,8.539148,12.962,0.560727,12.344,511.187,548.471
147,/home/hm25936/datasets_for_yolo/lab_images_6000/images/test/img_00148.jpg,0.645601,0,0,0,1,0,2,1,1.579683,0.645601,0.934082,0,,,0.004479,1.017063,4,32,1,1,1,4,8.934648,8.934648,12.058,0.550920,12.900,511.865,549.978
148,/home/hm25936/datasets_for_yolo/lab_images_6000/images/test/img_00149.jpg,0.645564,0,0,0,1,0,2,1,1.645387,0.645564,0.999823,0,,,0.000014,1.000055,4,32,1,1,1,4,8.577265,8.577265,12.118,0.554703,12.230,623.002,660.322
149,/home/hm25936/datasets_for_yolo/lab_images_6000/images/test/img_00150.jpg,0.692268,0,0,0,1,0,2,2,1.421482,0.692268,0.729215,0,,,0.031130,1.081055,4,32,1,1,1,4,8.638089,8.638089,12.041,0.690334,12.381,525.560,563.043
150,/home/hm25936/datasets_for_yolo/lab_images_6000/images/test/img_00151.jpg,0.621020,0,0,0,1,0,2,1,1.540478,0.621020,0.919458,0,,,0.004651,1.036346,4,32,1,1,1,4,8.068823,8.068823,12.145,0.530245,16.336,363.469,403.595
151,/home/hm25936/datasets_for_yolo/lab_images_6000/images/test/img_00152.jpg,0.530631,0,0,0,1,0,2,1,1.162124,0.530631,0.631494,0,,,0.041614,1.138374,4,32,1,1,1,4,8.270151,8.270151,12.029,0.448550,16.293,642.164,681.853
152,/home/hm25936/datasets_for_yolo/lab_images_6000/images/test/img_00153.jpg,0.415956,0,0,0,1,0,2,2,1.042635,0.415956,0.626680,0,,,0.046819,1.081528,4,32,1,1,1,4,8.075415,8.075415,12.549,0.555644,12.189,613.173,650.070
153,/home/hm25936/datasets_for_yolo/lab_images_6000/images/test/img_00154.jpg,0.508585,0,0,0,1,0,2,2,1.211754,0.508585,0.703169,0,,,0.036113,1.059530,4,32,1,1,1,4,8.454252,8.454252,12.155,0.585319,12.718,625.739,663.028
154,/home/hm25936/datasets_for_yolo/lab_images_6000/images/test/img_00155.jpg,0.504481,0,0,0,1,0,2,1,1.357115,0.504481,0.852634,0,,,0.015636,1.047155,4,32,1,1,1,4,8.788980,8.788980,12.776,0.442368,12.232,462.971,499.812
155,/home/hm25936/datasets_for_yolo/lab_images_6000/images/test/img_00156.jpg,0.409115,0,0,0,0,0,2,1,0.409115,0.409115,0.000000,0,,,0.278619,4.000405,4,32,1,1,1,4,8.048629,8.048629,12.004,0.277945,12.414,470.501,507.967
156,/home/hm25936/datasets_for_yolo/lab_images_6000/images/test/img_00157.jpg,0.466636,0,0,0,0,0,2,1,0.466636,0.466636,0.000000,0,,,0.179182,19.492876,4,32,1,1,1,4,7.932615,7.932615,12.277,0.486750,12.355,452.279,488.441
157,/home/hm25936/datasets_for_yolo/lab_images_6000/images/test/img_00158.jpg,0.311307,0,0,0,0,0,1,1,0.311307,0.311307,0.000000,0,,,0.520168,2.498390,4,32,1,1,1,4,7.632335,7.632335,12.158,0.236539,12.296,571.952,608.140
158,/home/hm25936/datasets_for_yolo/lab_images_6000/images/test/img_00159.jpg,0.330670,0,0,0,1,0,2,1,0.886307,0.330670,0.555637,0,,,0.015427,1.302528,4,32,1,1,1,4,8.476658,8.476658,12.018,0.309335,12.156,424.066,461.326
159,/home/hm25936/datasets_for_yolo/lab_images_6000/images/test/img_00160.jpg,0.301683,0,0,0,1,0,2,1,0.395218,0.301683,0.093535,0,,,0.054067,2.096818,4,32,1,1,1,4,7.922279,7.922279,11.993,0.334603,12.321,340.839,376.663
160,/home/hm25936/datasets_for_yolo/lab_images_6000/images/test/img_00161.jpg,0.000000,0,0,0,0,0,0,0,,,,0,,,,,4,32,1,1,1,4,8.034770,8.034770,12.168,0.178116,12.417,499.584,535.798
161,/home/hm25936/datasets_for_yolo/lab_images_6000/images/test/img_00162.jpg,0.000000,0,0,0,0,0,0,0,,,,0,,,,,4,32,1,1,1,4,8.623291,8.623291,12.235,0.179403,12.434,309.127,347.030
162,/home/hm25936/datasets_for_yolo/lab_images_6000/images/test/img_00163.jpg,0.711752,0,0,0,1,0,1,1,0.711752,0.711752,0.000000,0,,,,,4,32,1,1,1,4,7.958808,7.958808,11.987,0.463005,12.012,612.405,648.422
163,/home/hm25936/datasets_for_yolo/lab_images_6000/images/test/img_00164.jpg,0.547511,0,0,0,1,0,1,1,1.274728,0.547511,0.727217,0,,,0.032737,1.084918,4,32,1,1,1,4,7.935007,7.935007,11.535,0.384999,11.870,529.238,566.356
164,/home/hm25936/datasets_for_yolo/lab_images_6000/images/test/img_00165.jpg,0.547673,0,0,0,1,0,1,1,1.547661,0.547673,0.999988,0,,,0.000001,1.000003,4,32,1,1,1,4,7.671198,7.671198,11.832,0.387614,11.935,498.530,535.198
165,/home/hm25936/datasets_for_yolo/lab_images_6000/images/test/img_00166.jpg,0.000000,0,0,0,0,0,0,0,,,,0,,,,,4,32,1,1,1,4,8.433428,8.433428,11.682,0.261361,11.998,492.292,529.412
166,/home/hm25936/datasets_for_yolo/lab_images_6000/images/test/img_00167.jpg,0.266478,0,0,0,1,0,1,1,0.266478,0.266478,0.000000,0,,,,,4,32,1,1,1,4,8.054215,8.054215,15.357,0.215717,12.316,391.093,433.669
167,/home/hm25936/datasets_for_yolo/lab_images_6000/images/test/img_00168.jpg,0.266492,0,0,0,1,0,1,1,1.266401,0.266492,0.999908,0,,,0.000007,1.000014,4,32,1,1,1,4,7.629921,7.629921,11.942,0.216930,12.012,453.677,489.090
168,/home/hm25936/datasets_for_yolo/lab_images_6000/images/test/img_00169.jpg,0.271855,0,0,0,1,0,2,2,0.875235,0.271855,0.603379,0,,,0.020289,1.198738,4,32,1,1,1,4,7.752416,7.752416,12.227,0.522351,12.322,442.502,480.447
169,/home/hm25936/datasets_for_yolo/lab_images_6000/images/test/img_00170.jpg,0.271704,0,0,0,1,0,2,2,1.270614,0.271704,0.998910,0,,,0.000104,1.000284,4,32,1,1,1,4,7.673623,7.673623,12.270,0.524745,12.485,462.085,499.049
170,/home/hm25936/datasets_for_yolo/lab_images_6000/images/test/img_00171.jpg,0.272045,0,0,0,1,0,1,1,1.177223,0.272045,0.905179,0,,,0.009056,1.027125,4,32,1,1,1,4,8.521774,8.521774,12.938,0.276070,12.564,538.154,576.939
171,/home/hm25936/datasets_for_yolo/lab_images_6000/images/test/img_00172.jpg,0.301870,0,0,0,0,0,2,1,0.301870,0.301870,0.000000,0,,,0.562170,8.502704,4,32,1,1,1,4,7.820509,7.820509,14.543,0.323593,13.447,503.794,543.093
172,/home/hm25936/datasets_for_yolo/lab_images_6000/images/test/img_00173.jpg,0.696113,0,0,0,0,0,1,1,0.696113,0.696113,0.000000,0,,,0.216059,1.497521,4,32,1,1,1,4,7.970513,7.970513,11.816,0.452239,11.803,585.669,620.633
173,/home/hm25936/datasets_for_yolo/lab_images_6000/images/test/img_00174.jpg,0.356904,0,0,0,1,0,1,1,1.332163,0.356904,0.975259,0,,,0.002674,1.006962,4,32,1,1,1,4,7.270032,7.270032,12.027,0.196061,12.251,659.342,695.129
174,/home/hm25936/datasets_for_yolo/lab_images_6000/images/test/img_00175.jpg,0.656764,0,0,0,0,0,1,1,0.656764,0.656764,0.000000,0,,,0.152955,38.451419,4,32,1,1,1,4,8.626273,8.626273,12.040,0.757405,12.237,494.086,531.567
175,/home/hm25936/datasets_for_yolo/lab_images_6000/images/test/img_00176.jpg,0.668297,0,0,0,1,0,1,1,1.643842,0.668297,0.975545,0,,,0.000399,1.013689,4,32,1,1,1,4,7.766313,7.766313,11.824,0.767980,11.869,269.399,304.555
176,/home/hm25936/datasets_for_yolo/lab_images_6000/images/test/img_00177.jpg,0.668347,0,0,0,1,0,1,1,1.668263,0.668347,0.999916,0,,,0.000003,1.000024,4,32,1,1,1,4,7.847268,7.847268,11.709,0.769087,12.072,534.802,570.291
177,/home/hm25936/datasets_for_yolo/lab_images_6000/images/test/img_00178.jpg,0.709327,0,0,0,1,0,1,1,1.640076,0.709327,0.930750,0,,,0.002853,1.032290,4,32,1,1,1,4,8.014263,8.014263,11.913,0.807192,15.309,592.187,631.424
178,/home/hm25936/datasets_for_yolo/lab_images_6000/images/test/img_00179.jpg,0.658215,0,0,0,1,0,2,1,1.625789,0.658215,0.967574,0,,,0.001633,1.007765,4,32,1,1,1,4,8.189727,8.189727,12.767,0.763381,12.556,385.086,422.425
179,/home/hm25936/datasets_for_yolo/lab_images_6000/images/test/img_00180.jpg,0.605798,0,0,0,1,0,1,1,1.568304,0.605798,0.962506,0,,,0.000979,1.005139,4,32,1,1,1,4,8.123727,8.123727,14.752,0.716757,12.291,673.095,713.181
180,/home/hm25936/datasets_for_yolo/lab_images_6000/images/test/img_00181.jpg,0.550273,0,0,0,1,0,2,1,1.487200,0.550273,0.936927,0,,,0.001429,1.012372,4,32,1,1,1,4,7.805832,7.805832,11.875,0.669153,12.061,518.420,553.845
181,/home/hm25936/datasets_for_yolo/lab_images_6000/images/test/img_00182.jpg,0.788728,0,0,0,0,0,1,1,0.788728,0.788728,0.000000,0,,,0.163346,36.828744,4,32,1,1,1,4,7.562961,7.562961,11.781,0.560073,12.092,375.892,411.297
182,/home/hm25936/datasets_for_yolo/lab_images_6000/images/test/img_00183.jpg,0.788538,0,0,0,1,0,1,1,1.788484,0.788538,0.999946,0,,,0.000006,1.000015,4,32,1,1,1,4,8.125328,8.125328,12.067,0.560521,11.767,372.063,410.909
183,/home/hm25936/datasets_for_yolo/lab_images_6000/images/test/img_00184.jpg,0.000000,0,0,0,0,0,0,0,,,,0,,,,,4,32,1,1,1,4,7.416652,7.416652,11.540,0.284128,13.962,521.934,558.936
184,/home/hm25936/datasets_for_yolo/lab_images_6000/images/test/img_00185.jpg,0.523828,0,0,0,1,0,1,1,0.523828,0.523828,0.000000,0,,,,,4,32,1,1,1,4,7.760839,7.760839,11.835,0.650270,12.620,659.229,696.843
185,/home/hm25936/datasets_for_yolo/lab_images_6000/images/test/img_00186.jpg,0.566478,0,0,0,1,0,1,1,1.386039,0.566478,0.819561,0,,,0.007837,1.074997,4,32,1,1,1,4,7.512945,7.512945,12.188,0.692551,12.486,543.982,582.076
186,/home/hm25936/datasets_for_yolo/lab_images_6000/images/test/img_00187.jpg,0.443635,0,0,0,1,0,1,1,1.327967,0.443635,0.884332,0,,,0.004251,1.008706,4,32,1,1,1,4,7.489676,7.489676,12.296,0.579804,12.277,645.211,681.379
187,/home/hm25936/datasets_for_yolo/lab_images_6000/images/test/img_00188.jpg,0.443632,0,0,0,1,0,1,1,1.443480,0.443632,0.999848,0,,,0.000007,1.000032,4,32,1,1,1,4,7.768456,7.768456,12.147,0.582048,12.539,373.000,411.494
188,/home/hm25936/datasets_for_yolo/lab_images_6000/images/test/img_00189.jpg,0.263555,0,0,0,1,0,2,2,1.180476,0.263555,0.916921,0,,,0.003634,1.001558,4,32,1,1,1,4,7.846260,7.846260,11.938,0.366958,12.027,385.964,421.429
189,/home/hm25936/datasets_for_yolo/lab_images_6000/images/test/img_00190.jpg,0.332676,0,0,0,1,0,2,2,1.202689,0.332676,0.870013,0,,,0.004574,1.068842,4,32,1,1,1,4,7.487324,7.487324,11.905,0.607205,12.034,508.603,545.526
190,/home/hm25936/datasets_for_yolo/lab_images_6000/images/test/img_00191.jpg,0.259763,0,0,0,1,0,2,2,1.218814,0.259763,0.959051,0,,,0.000904,1.017585,4,32,1,1,1,4,7.138713,7.138713,12.619,0.684670,11.956,471.682,508.941
191,/home/hm25936/datasets_for_yolo/lab_images_6000/images/test/img_00192.jpg,0.365924,0,0,0,1,0,2,2,1.265744,0.365924,0.899820,0,,,0.004321,1.039729,4,32,1,1,1,4,7.753947,7.753947,11.981,0.603666,12.914,396.117,432.886
192,/home/hm25936/datasets_for_yolo/lab_images_6000/images/test/img_00193.jpg,0.492157,0,0,0,1,0,2,2,1.461229,0.492157,0.969072,0,,,0.001089,1.008518,4,32,1,1,1,4,7.889728,7.889728,11.889,0.649060,12.218,464.988,500.831
193,/home/hm25936/datasets_for_yolo/lab_images_6000/images/test/img_00194.jpg,0.436095,0,0,0,1,0,2,2,1.347754,0.436095,0.911659,0,,,0.005028,1.012278,4,32,1,1,1,4,8.435503,8.435503,11.978,0.622321,12.084,339.725,377.354
194,/home/hm25936/datasets_for_yolo/lab_images_6000/images/test/img_00195.jpg,0.597317,0,0,0,1,0,2,2,1.519617,0.597317,0.922300,0,,,0.002451,1.027439,4,32,1,1,1,4,7.795361,7.795361,12.181,0.747485,12.844,598.360,636.299
195,/home/hm25936/datasets_for_yolo/lab_images_6000/images/test/img_00196.jpg,0.627560,0,0,0,1,0,2,1,1.505231,0.627560,0.877671,0,,,0.005332,1.062668,4,32,1,1,1,4,7.881036,7.881036,11.876,0.770343,13.395,550.464,588.454
196,/home/hm25936/datasets_for_yolo/lab_images_6000/images/test/img_00197.jpg,0.438060,0,0,0,1,0,2,2,1.397663,0.438060,0.959604,0,,,0.001573,1.010869,4,32,1,1,1,4,7.666484,7.666484,11.851,0.593267,11.810,558.102,592.999
197,/home/hm25936/datasets_for_yolo/lab_images_6000/images/test/img_00198.jpg,0.454835,0,0,0,1,0,2,1,1.424390,0.454835,0.969555,0,,,0.001098,1.009864,4,32,1,1,1,4,7.219544,7.219544,11.667,0.616390,12.136,378.701,414.615
198,/home/hm25936/datasets_for_yolo/lab_images_6000/images/test/img_00199.jpg,0.339172,0,0,0,1,0,2,2,1.279161,0.339172,0.939989,0,,,0.002819,1.027247,4,32,1,1,1,4,7.529094,7.529094,11.987,0.481534,11.907,530.390,566.221
199,/home/hm25936/datasets_for_yolo/lab_images_6000/images/test/img_00200.jpg,0.345411,0,0,0,0,0,1,1,0.345411,0.345411,0.000000,0,,,0.238444,21.910675,4,32,1,1,1,4,7.670547,7.670547,11.646,0.328058,11.850,548.120,582.962
200,/home/hm25936/datasets_for_yolo/lab_images_6000/images/test/img_00201.jpg,0.436217,0,0,0,1,0,2,1,1.407056,0.436217,0.970838,0,,,0.003443,1.004322,4,32,1,1,1,4,7.504472,7.504472,11.942,0.386191,12.042,610.055,646.829
201,/home/hm25936/datasets_for_yolo/lab_images_6000/images/test/img_00202.jpg,0.409081,0,0,0,0,0,2,1,0.409081,0.409081,0.000000,0,,,0.237186,22.848034,4,32,1,1,1,4,7.274719,7.274719,11.841,0.562651,12.806,570.405,607.861
202,/home/hm25936/datasets_for_yolo/lab_images_6000/images/test/img_00203.jpg,0.428703,0,0,0,1,0,2,1,1.371516,0.428703,0.942813,0,,,0.002155,1.015997,4,32,1,1,1,4,7.604619,7.604619,12.082,0.587172,15.887,707.326,746.606
203,/home/hm25936/datasets_for_yolo/lab_images_6000/images/test/img_00204.jpg,0.469206,0,0,0,1,0,2,1,1.263282,0.469206,0.794076,0,,,0.010554,1.106716,4,32,1,1,1,4,7.479406,7.479406,11.900,0.628349,12.794,229.927,267.463
204,/home/hm25936/datasets_for_yolo/lab_images_6000/images/test/img_00205.jpg,0.302115,0,0,0,1,0,2,2,1.084513,0.302115,0.782398,0,,,0.012306,1.072705,4,32,1,1,1,4,7.222412,7.222412,11.752,0.607728,11.980,557.193,593.809
205,/home/hm25936/datasets_for_yolo/lab_images_6000/images/test/img_00206.jpg,0.548851,0,0,0,1,0,2,1,1.499034,0.548851,0.950183,0,,,0.002010,1.006447,4,32,1,1,1,4,7.335385,7.335385,11.828,0.706189,11.878,435.246,471.775
206,/home/hm25936/datasets_for_yolo/lab_images_6000/images/test/img_00207.jpg,0.594845,0,0,0,1,0,2,1,1.512345,0.594845,0.917500,0,,,0.003415,1.041598,4,32,1,1,1,4,6.996999,6.996999,12.171,0.747170,12.130,490.985,526.790
207,/home/hm25936/datasets_for_yolo/lab_images_6000/images/test/img_00208.jpg,0.595087,0,0,0,1,0,2,1,1.594917,0.595087,0.999830,0,,,0.000009,1.000054,4,32,1,1,1,4,7.225745,7.225745,11.799,0.748460,12.316,510.315,545.776
208,/home/hm25936/datasets_for_yolo/lab_images_6000/images/test/img_00209.jpg,0.623936,0,0,0,1,0,2,1,1.528431,0.623936,0.904495,0,,,0.005106,1.028022,4,32,1,1,1,4,7.359522,7.359522,11.882,0.774928,14.303,492.906,531.721
209,/home/hm25936/datasets_for_yolo/lab_images_6000/images/test/img_00210.jpg,0.624648,0,0,0,1,0,2,1,1.596529,0.624648,0.971881,0,,,0.000712,1.009949,4,32,1,1,1,4,7.009906,7.009906,12.143,0.781855,11.953,438.629,476.441
210,/home/hm25936/datasets_for_yolo/lab_images_6000/images/test/img_00211.jpg,0.672085,0,0,0,1,0,1,1,1.620719,0.672085,0.948634,0,,,0.001764,1.018978,4,32,1,1,1,4,7.393632,7.393632,11.737,0.819832,11.909,418.506,454.875
211,/home/hm25936/datasets_for_yolo/lab_images_6000/images/test/img_00212.jpg,0.527295,0,0,0,1,0,2,2,0.621320,0.527295,0.094025,0,,,0.093148,1.977561,4,32,1,1,1,4,7.095111,7.095111,11.559,0.664861,11.814,417.703,453.756
212,/home/hm25936/datasets_for_yolo/lab_images_6000/images/test/img_00213.jpg,0.595885,0,0,0,1,0,1,1,1.092815,0.595885,0.496930,0,,,0.041796,1.287120,4,32,1,1,1,4,7.144062,7.144062,11.797,0.767276,11.573,458.362,494.617
213,/home/hm25936/datasets_for_yolo/lab_images_6000/images/test/img_00214.jpg,0.649289,0,0,0,1,0,2,1,1.032741,0.649289,0.383451,0,,,0.048076,1.381994,4,32,1,1,1,4,7.313148,7.313148,11.690,0.805502,11.725,361.483,398.167
214,/home/hm25936/datasets_for_yolo/lab_images_6000/images/test/img_00215.jpg,0.660524,0,0,0,1,0,1,1,1.550866,0.660524,0.890342,0,,,0.004643,1.038738,4,32,1,1,1,4,7.628055,7.628055,11.600,0.815438,11.879,647.034,681.736
215,/home/hm25936/datasets_for_yolo/lab_images_6000/images/test/img_00216.jpg,0.592697,0,0,0,1,0,2,1,0.932480,0.592697,0.339783,0,,,0.048587,1.467959,4,32,1,1,1,4,7.179440,7.179440,11.572,0.761579,12.525,284.329,321.172
216,/home/hm25936/datasets_for_yolo/lab_images_6000/images/test/img_00217.jpg,0.732818,0,0,0,1,0,2,1,1.610028,0.732818,0.877210,0,,,0.007587,1.045938,4,32,1,1,1,4,7.291602,7.291602,11.698,0.865459,11.879,506.487,543.171
217,/home/hm25936/datasets_for_yolo/lab_images_6000/images/test/img_00218.jpg,0.698929,0,0,0,1,0,2,1,1.630402,0.698929,0.931474,0,,,0.003276,1.032684,4,32,1,1,1,4,7.410298,7.410298,11.793,0.849857,12.176,637.343,672.570
218,/home/hm25936/datasets_for_yolo/lab_images_6000/images/test/img_00219.jpg,0.698732,0,0,0,1,0,2,1,1.698506,0.698732,0.999774,0,,,0.000010,1.000104,4,32,1,1,1,4,7.106101,7.106101,12.581,0.850314,12.119,591.042,628.546
219,/home/hm25936/datasets_for_yolo/lab_images_6000/images/test/img_00220.jpg,0.765396,0,0,0,1,0,2,1,1.162034,0.765396,0.396638,0,,,0.043474,1.394686,4,32,1,1,1,4,7.392015,7.392015,12.151,0.889416,11.966,726.701,762.400
220,/home/hm25936/datasets_for_yolo/lab_images_6000/images/test/img_00221.jpg,0.740322,0,0,0,1,0,2,1,1.570747,0.740322,0.830425,0,,,0.006329,1.072980,4,32,1,1,1,4,7.224168,7.224168,11.882,0.872341,11.930,485.228,521.766
221,/home/hm25936/datasets_for_yolo/lab_images_6000/images/test/img_00222.jpg,0.740443,0,0,0,1,0,2,1,1.740348,0.740443,0.999905,0,,,0.000006,1.000008,4,32,1,1,1,4,7.235038,7.235038,11.918,0.872888,12.057,471.234,507.786
222,/home/hm25936/datasets_for_yolo/lab_images_6000/images/test/img_00223.jpg,0.787478,0,0,0,1,0,2,1,1.403842,0.787478,0.616363,0,,,0.024134,1.192727,4,32,1,1,1,4,6.894826,6.894826,12.538,0.904494,12.073,614.920,651.209
223,/home/hm25936/datasets_for_yolo/lab_images_6000/images/test/img_00224.jpg,0.784158,0,0,0,1,0,2,1,1.535516,0.784158,0.751358,0,,,0.013912,1.107263,4,32,1,1,1,4,7.046319,7.046319,11.542,0.904702,13.228,489.573,531.257
224,/home/hm25936/datasets_for_yolo/lab_images_6000/images/test/img_00225.jpg,0.720465,0,0,0,1,0,2,1,1.548529,0.720465,0.828064,0,,,0.009195,1.059377,4,32,1,1,1,4,6.868217,6.868217,11.847,0.864197,11.986,621.650,657.041
225,/home/hm25936/datasets_for_yolo/lab_images_6000/images/test/img_00226.jpg,0.720780,0,0,0,1,0,2,1,1.720636,0.720780,0.999855,0,,,0.000007,1.000047,4,32,1,1,1,4,7.065207,7.065207,11.783,0.864833,11.920,436.716,472.333
226,/home/hm25936/datasets_for_yolo/lab_images_6000/images/test/img_00227.jpg,0.710636,0,0,0,1,0,2,1,1.682024,0.710636,0.971388,0,,,0.000432,1.016163,4,32,1,1,1,4,7.579415,7.579415,12.181,0.859211,11.800,386.645,422.012
227,/home/hm25936/datasets_for_yolo/lab_images_6000/images/test/img_00228.jpg,0.777359,0,0,0,1,0,2,1,1.558287,0.777359,0.780928,0,,,0.011802,1.102380,4,32,1,1,1,4,7.139769,7.139769,11.427,0.896995,11.814,426.677,462.569
228,/home/hm25936/datasets_for_yolo/lab_images_6000/images/test/img_00229.jpg,0.710068,0,0,0,1,0,2,1,1.455186,0.710068,0.745118,0,,,0.014039,1.108919,4,32,1,1,1,4,7.100945,7.100945,11.724,0.864371,11.776,537.240,573.794
229,/home/hm25936/datasets_for_yolo/lab_images_6000/images/test/img_00230.jpg,0.710148,0,0,0,1,0,2,1,1.710015,0.710148,0.999868,0,,,0.000006,1.000054,4,32,1,1,1,4,7.398612,7.398612,11.804,0.865285,12.048,507.299,542.631
230,/home/hm25936/datasets_for_yolo/lab_images_6000/images/test/img_00231.jpg,0.786423,0,0,0,1,0,2,1,1.478971,0.786423,0.692548,0,,,0.018791,1.146763,4,32,1,1,1,4,7.386792,7.386792,12.294,0.892446,12.011,637.307,673.644
231,/home/hm25936/datasets_for_yolo/lab_images_6000/images/test/img_00232.jpg,0.679043,0,0,0,1,0,2,1,1.342163,0.679043,0.663119,0,,,0.017104,1.197491,4,32,1,1,1,4,6.866597,6.866597,11.544,0.800409,11.745,624.038,660.024
232,/home/hm25936/datasets_for_yolo/lab_images_6000/images/test/img_00233.jpg,0.829034,0,0,0,0,0,1,1,0.829034,0.829034,0.000000,0,,,0.228179,14.548713,4,32,1,1,1,4,7.038523,7.038523,11.634,0.703015,11.495,570.825,606.343
233,/home/hm25936/datasets_for_yolo/lab_images_6000/images/test/img_00234.jpg,0.739845,0,0,0,1,0,1,1,1.495891,0.739845,0.756046,0,,,0.031063,1.051584,4,32,1,1,1,4,6.809263,6.809263,11.970,0.563821,14.954,391.273,429.605
234,/home/hm25936/datasets_for_yolo/lab_images_6000/images/test/img_00235.jpg,0.530842,0,0,0,1,0,2,2,1.481387,0.530842,0.950545,0,,,0.005808,1.004370,4,32,1,1,1,4,6.733306,6.733306,12.767,0.952154,11.697,530.321,568.022
235,/home/hm25936/datasets_for_yolo/lab_images_6000/images/test/img_00236.jpg,0.716095,0,0,0,1,0,2,2,1.673081,0.716095,0.956986,0,,,0.005019,1.011151,4,32,1,1,1,4,7.064917,7.064917,11.514,0.942049,11.915,597.311,631.904
236,/home/hm25936/datasets_for_yolo/lab_images_6000/images/test/img_00237.jpg,0.636886,0,0,0,1,0,2,2,1.462329,0.636886,0.825444,0,,,0.021055,1.041504,4,32,1,1,1,4,7.181227,7.181227,11.696,0.805073,11.887,388.103,424.247
237,/home/hm25936/datasets_for_yolo/lab_images_6000/images/test/img_00238.jpg,0.636990,0,0,0,1,0,2,2,1.636955,0.636990,0.999965,0,,,0.000004,1.000010,4,32,1,1,1,4,7.260922,7.260922,11.591,0.805388,12.118,392.812,429.259
238,/home/hm25936/datasets_for_yolo/lab_images_6000/images/test/img_00239.jpg,0.742644,0,0,0,1,0,2,2,1.347359,0.742644,0.604715,0,,,0.052650,1.111786,4,32,1,1,1,4,7.236856,7.236856,12.220,0.921082,11.908,420.975,457.973
239,/home/hm25936/datasets_for_yolo/lab_images_6000/images/test/img_00240.jpg,0.751224,0,0,0,1,0,2,2,1.709012,0.751224,0.957788,0,,,0.005078,1.009694,4,32,1,1,1,4,7.003402,7.003402,11.559,0.866428,13.091,423.297,459.251
240,/home/hm25936/datasets_for_yolo/lab_images_6000/images/test/img_00241.jpg,0.751186,0,0,0,1,0,2,2,1.751024,0.751186,0.999838,0,,,0.000019,1.000021,4,32,1,1,1,4,7.576536,7.576536,11.773,0.866941,11.721,274.084,310.525
241,/home/hm25936/datasets_for_yolo/lab_images_6000/images/test/img_00242.jpg,0.654055,0,0,0,1,0,2,2,1.625425,0.654055,0.971370,0,,,0.003396,1.004453,4,32,1,1,1,4,6.956009,6.956009,11.553,0.790801,11.776,434.928,469.875
242,/home/hm25936/datasets_for_yolo/lab_images_6000/images/test/img_00243.jpg,0.653868,0,0,0,1,0,2,2,1.653833,0.653868,0.999965,0,,,0.000004,1.000002,4,32,1,1,1,4,6.847051,6.847051,12.230,0.791437,11.703,490.712,527.252
243,/home/hm25936/datasets_for_yolo/lab_images_6000/images/test/img_00244.jpg,0.700644,0,0,0,1,0,2,2,1.692872,0.700644,0.992228,0,,,0.000914,1.000866,4,32,1,1,1,4,7.066770,7.066770,11.593,0.828953,11.958,768.348,803.202
244,/home/hm25936/datasets_for_yolo/lab_images_6000/images/test/img_00245.jpg,0.700643,0,0,0,1,0,2,2,1.700572,0.700643,0.999929,0,,,0.000007,1.000010,4,32,1,1,1,4,7.152276,7.152276,11.898,0.829230,11.761,612.324,647.348
245,/home/hm25936/datasets_for_yolo/lab_images_6000/images/test/img_00246.jpg,0.503539,0,0,0,0,0,1,1,0.503539,0.503539,0.000000,0,,,0.267298,9.885928,4,32,1,1,1,4,6.982429,6.982429,11.482,0.579160,11.642,520.688,554.630
246,/home/hm25936/datasets_for_yolo/lab_images_6000/images/test/img_00247.jpg,0.854943,0,0,0,0,0,1,1,0.854943,0.854943,0.000000,0,,,0.275382,9.697306,4,32,1,1,1,4,7.413723,7.413723,11.681,0.746737,11.785,452.209,488.575
247,/home/hm25936/datasets_for_yolo/lab_images_6000/images/test/img_00248.jpg,0.854817,0,0,0,1,0,1,1,1.854796,0.854817,0.999979,0,,,0.000002,1.000006,4,32,1,1,1,4,6.852406,6.852406,13.740,0.745974,11.664,465.990,504.277
248,/home/hm25936/datasets_for_yolo/lab_images_6000/images/test/img_00249.jpg,0.299057,0,0,0,1,0,1,1,1.032704,0.299057,0.733647,0,,,0.026230,1.102982,4,32,1,1,1,4,7.015134,7.015134,11.556,0.180456,11.480,336.970,371.403
249,/home/hm25936/datasets_for_yolo/lab_images_6000/images/test/img_00250.jpg,0.298979,0,0,0,1,0,1,1,1.298653,0.298979,0.999674,0,,,0.000028,1.000111,4,32,1,1,1,4,6.647629,6.647629,12.422,0.180025,11.995,581.326,618.089
250,/home/hm25936/datasets_for_yolo/lab_images_6000/images/test/img_00251.jpg,0.718096,0,0,0,0,0,1,1,0.718096,0.718096,0.000000,0,,,0.153705,9.787587,4,32,1,1,1,4,6.904371,6.904371,11.718,0.827122,11.859,455.921,492.291
251,/home/hm25936/datasets_for_yolo/lab_images_6000/images/test/img_00252.jpg,0.746669,0,0,0,1,0,1,1,1.641098,0.746669,0.894429,0,,,0.001583,1.060627,4,32,1,1,1,4,6.818241,6.818241,11.409,0.854557,12.259,621.922,658.516
252,/home/hm25936/datasets_for_yolo/lab_images_6000/images/test/img_00253.jpg,0.448661,0,0,0,0,0,2,1,0.448661,0.448661,0.000000,0,,,0.137839,9.644272,4,32,1,1,1,4,6.766199,6.766199,11.551,0.304768,11.709,364.074,399.335
253,/home/hm25936/datasets_for_yolo/lab_images_6000/images/test/img_00254.jpg,0.823503,0,0,0,1,0,1,1,1.572368,0.823503,0.748865,0,,,0.023805,1.098873,4,32,1,1,1,4,7.003649,7.003649,13.068,0.657128,11.577,397.383,435.508
254,/home/hm25936/datasets_for_yolo/lab_images_6000/images/test/img_00255.jpg,0.740704,0,0,0,1,0,1,1,1.253376,0.740704,0.512672,0,,,0.061800,1.183214,4,32,1,1,1,4,6.909729,6.909729,11.650,0.411140,11.503,722.625,756.820
255,/home/hm25936/datasets_for_yolo/lab_images_6000/images/test/img_00256.jpg,0.740447,0,0,0,1,0,1,1,1.740325,0.740447,0.999878,0,,,0.000013,1.000033,4,32,1,1,1,4,6.944345,6.944345,11.376,0.410318,11.634,395.857,430.939
256,/home/hm25936/datasets_for_yolo/lab_images_6000/images/test/img_00257.jpg,0.733206,0,0,0,1,0,1,1,1.597903,0.733206,0.864697,0,,,0.015539,1.038936,4,32,1,1,1,4,6.576268,6.576268,11.577,0.429553,11.664,618.228,654.094
257,/home/hm25936/datasets_for_yolo/lab_images_6000/images/test/img_00258.jpg,0.792332,0,0,0,1,0,2,1,1.755840,0.792332,0.963508,0,,,0.004101,1.009890,4,32,1,1,1,4,6.859212,6.859212,11.616,0.549190,12.012,575.338,611.760
258,/home/hm25936/datasets_for_yolo/lab_images_6000/images/test/img_00259.jpg,0.792116,0,0,0,1,0,2,1,1.792109,0.792116,0.999994,0,,,0.000001,1.000002,4,32,1,1,1,4,7.110842,7.110842,11.777,0.548700,11.751,378.684,414.783
259,/home/hm25936/datasets_for_yolo/lab_images_6000/images/test/img_00260.jpg,0.762612,0,0,0,1,0,1,1,1.611809,0.762612,0.849197,0,,,0.017469,1.043535,4,32,1,1,1,4,7.393826,7.393826,11.272,0.460467,11.825,408.524,442.438
260,/home/hm25936/datasets_for_yolo/lab_images_6000/images/test/img_00261.jpg,0.762381,0,0,0,1,0,1,1,1.762379,0.762381,0.999999,0,,,0.000000,1.000000,4,32,1,1,1,4,6.841276,6.841276,11.742,0.459636,12.210,780.489,819.698
261,/home/hm25936/datasets_for_yolo/lab_images_6000/images/test/img_00262.jpg,0.822574,0,0,0,1,0,2,2,1.427445,0.822574,0.604871,0,,,0.048505,1.137500,4,32,1,1,1,4,6.553666,6.553666,11.644,0.963457,11.683,631.939,667.064
262,/home/hm25936/datasets_for_yolo/lab_images_6000/images/test/img_00263.jpg,0.822468,0,0,0,1,0,2,2,1.822250,0.822468,0.999782,0,,,0.000022,1.000064,4,32,1,1,1,4,7.203816,7.203816,11.461,0.963575,11.665,544.675,578.849
263,/home/hm25936/datasets_for_yolo/lab_images_6000/images/test/img_00264.jpg,0.745192,0,0,0,1,0,2,2,1.625588,0.745192,0.880396,0,,,0.011899,1.039876,4,32,1,1,1,4,7.066133,7.066133,11.720,0.949309,12.061,486.551,523.155
264,/home/hm25936/datasets_for_yolo/lab_images_6000/images/test/img_00265.jpg,0.340380,0,0,0,1,0,2,2,1.135557,0.340380,0.795177,0,,,0.018831,1.079099,4,32,1,1,1,4,7.104552,7.104552,11.541,0.955915,11.879,522.117,561.591
265,/home/hm25936/datasets_for_yolo/lab_images_6000/images/test/img_00266.jpg,0.859363,0,0,0,0,0,1,1,0.859363,0.859363,0.000000,0,0.084911,,0.260351,9.807839,4,32,1,1,1,4,6.749341,6.749341,11.719,0.950953,11.686,615.186,651.177
266,/home/hm25936/datasets_for_yolo/lab_images_6000/images/test/img_00267.jpg,0.874991,0,0,1,1,0,2,1,1.493854,0.874991,0.618862,1,0.806741,,0.027211,1.168124,4,32,1,1,1,4,6.566782,6.566782,11.763,0.950204,11.834,548.255,582.941
267,/home/hm25936/datasets_for_yolo/lab_images_6000/images/test/img_00268.jpg,0.851809,1,1,1,1,1,2,1,1.746718,0.851809,0.894908,2,0.934154,0.934154,0.004741,1.028123,4,32,1,1,1,4,7.784206,7.784206,11.370,0.933727,12.439,459.545,496.514
268,/home/hm25936/datasets_for_yolo/lab_images_6000/images/test/img_00269.jpg,0.851861,1,1,1,1,1,2,1,1.851825,0.851861,0.999964,3,0.999978,0.999978,0.000002,1.000007,4,32,1,1,1,4,8.159837,8.159837,11.800,0.933410,11.957,545.917,582.583
269,/home/hm25936/datasets_for_yolo/lab_images_6000/images/test/img_00270.jpg,0.865162,1,1,1,1,1,2,1,1.788513,0.865162,0.923350,4,0.947231,0.947231,0.003806,1.009454,4,32,1,1,1,4,8.328081,8.328081,11.829,0.938332,12.142,477.832,513.259
270,/home/hm25936/datasets_for_yolo/lab_images_6000/images/test/img_00271.jpg,0.788768,0,0,0,1,0,2,1,1.540909,0.788768,0.752140,0,,,0.012083,1.133302,4,32,1,1,1,4,9.222889,9.222889,11.865,0.891672,11.580,392.516,428.988
271,/home/hm25936/datasets_for_yolo/lab_images_6000/images/test/img_00272.jpg,0.843476,0,0,1,1,0,2,1,1.618387,0.843476,0.774911,1,0.871657,,0.010689,1.091194,4,32,1,1,1,4,8.279734,8.279734,11.654,0.933103,11.637,623.306,657.875
272,/home/hm25936/datasets_for_yolo/lab_images_6000/images/test/img_00273.jpg,0.886903,1,1,1,1,1,1,1,1.462307,0.886903,0.575405,2,0.790138,0.790138,0.033800,1.185504,4,32,1,1,1,4,8.547083,8.547083,11.574,0.962057,14.275,534.315,571.460
273,/home/hm25936/datasets_for_yolo/lab_images_6000/images/test/img_00274.jpg,0.892046,1,1,1,1,1,2,1,1.566196,0.892046,0.674150,3,0.810700,0.810700,0.011014,1.179961,4,32,1,1,1,4,8.739019,8.739019,11.861,0.955655,12.218,428.668,466.464
274,/home/hm25936/datasets_for_yolo/lab_images_6000/images/test/img_00275.jpg,0.917113,1,1,1,1,1,2,1,1.849026,0.917113,0.931913,4,0.958616,0.958616,0.003523,1.015634,4,32,1,1,1,4,8.204035,8.204035,12.691,0.973708,11.875,374.398,411.555
275,/home/hm25936/datasets_for_yolo/lab_images_6000/images/test/img_00276.jpg,0.908748,1,1,1,1,1,1,1,1.765611,0.908748,0.856863,5,0.932503,0.932503,0.007953,1.064595,4,32,1,1,1,4,7.306993,7.306993,14.479,0.964615,12.143,665.639,705.189
276,/home/hm25936/datasets_for_yolo/lab_images_6000/images/test/img_00277.jpg,0.835901,1,1,1,1,1,2,1,1.586946,0.835901,0.751045,6,0.861245,0.861245,0.014078,1.092887,4,32,1,1,1,4,6.957170,6.957170,11.753,0.901893,11.839,378.524,415.061
277,/home/hm25936/datasets_for_yolo/lab_images_6000/images/test/img_00278.jpg,0.872076,1,1,1,1,1,2,1,1.662013,0.872076,0.789937,7,0.894818,0.894818,0.013376,1.080908,4,32,1,1,1,4,7.229575,7.229575,11.820,0.936284,11.904,546.767,583.355
278,/home/hm25936/datasets_for_yolo/lab_images_6000/images/test/img_00279.jpg,0.848890,1,1,1,1,1,1,1,1.657478,0.848890,0.808588,8,0.902663,0.902663,0.012977,1.063096,4,32,1,1,1,4,7.972544,7.972544,11.683,0.908098,11.745,570.023,605.105
279,/home/hm25936/datasets_for_yolo/lab_images_6000/images/test/img_00280.jpg,0.848752,1,1,1,1,1,1,1,1.848649,0.848752,0.999897,9,0.999936,0.999936,0.000004,1.000026,4,32,1,1,1,4,9.380610,9.380610,11.372,0.905378,11.881,655.773,691.809
280,/home/hm25936/datasets_for_yolo/lab_images_6000/images/test/img_00281.jpg,0.902619,1,1,1,1,1,1,1,1.585951,0.902619,0.683332,10,0.823212,0.823212,0.019183,1.122785,4,32,1,1,1,4,8.173473,8.173473,11.805,0.952141,11.897,469.552,504.666
281,/home/hm25936/datasets_for_yolo/lab_images_6000/images/test/img_00282.jpg,0.893549,1,1,1,1,1,1,1,1.730888,0.893549,0.837339,11,0.908646,0.908646,0.008588,1.055695,4,32,1,1,1,4,7.789976,7.789976,12.748,0.947716,12.110,621.223,659.774
282,/home/hm25936/datasets_for_yolo/lab_images_6000/images/test/img_00283.jpg,0.882183,1,1,1,1,1,1,1,1.465432,0.882183,0.583249,12,0.781056,0.781056,0.017724,1.270968,4,32,1,1,1,4,9.624472,9.624472,11.814,0.942126,11.812,455.355,491.053
283,/home/hm25936/datasets_for_yolo/lab_images_6000/images/test/img_00284.jpg,0.849693,1,1,1,1,1,1,1,1.517210,0.849693,0.667517,13,0.822295,0.822295,0.025461,1.104714,4,32,1,1,1,4,8.441025,8.441025,11.577,0.896608,12.701,506.340,541.790
284,/home/hm25936/datasets_for_yolo/lab_images_6000/images/test/img_00285.jpg,0.792783,0,0,0,1,0,2,1,1.480214,0.792783,0.687431,0,,,0.020389,1.141853,4,32,1,1,1,4,8.263844,8.263844,11.750,0.821991,11.976,529.018,565.651
285,/home/hm25936/datasets_for_yolo/lab_images_6000/images/test/img_00286.jpg,0.846013,0,0,1,1,0,2,1,1.689542,0.846013,0.843529,1,0.906018,,0.007893,1.046081,4,32,1,1,1,4,8.795658,8.795658,11.806,0.888344,12.005,691.263,728.159
286,/home/hm25936/datasets_for_yolo/lab_images_6000/images/test/img_00287.jpg,0.877349,1,1,1,1,1,1,1,1.842606,0.877349,0.965256,2,0.975980,0.975980,0.002016,1.001372,4,32,1,1,1,4,8.447541,8.447541,11.825,0.911270,11.763,383.739,418.941
287,/home/hm25936/datasets_for_yolo/lab_images_6000/images/test/img_00288.jpg,0.857634,1,1,1,1,1,1,1,1.816108,0.857634,0.958473,3,0.970437,0.970437,0.002350,1.000876,4,32,1,1,1,4,8.080896,8.080896,14.617,0.894865,13.534,507.168,547.175
288,/home/hm25936/datasets_for_yolo/lab_images_6000/images/test/img_00289.jpg,0.870755,1,1,1,1,1,2,1,1.834654,0.870755,0.963899,4,0.973508,0.973508,0.000446,1.011488,4,32,1,1,1,4,7.231886,7.231886,12.139,0.901816,11.587,257.413,292.980
289,/home/hm25936/datasets_for_yolo/lab_images_6000/images/test/img_00290.jpg,0.855346,1,1,1,1,1,2,1,1.735606,0.855346,0.880260,5,0.920479,0.920479,0.006694,1.015863,4,32,1,1,1,4,8.024480,8.024480,11.769,0.879583,14.842,470.791,510.417
290,/home/hm25936/datasets_for_yolo/lab_images_6000/images/test/img_00291.jpg,0.830775,1,1,1,1,1,2,1,1.679883,0.830775,0.849108,6,0.912393,0.912393,0.006216,1.059268,4,32,1,1,1,4,8.341753,8.341753,13.493,0.893556,14.459,746.573,788.980
291,/home/hm25936/datasets_for_yolo/lab_images_6000/images/test/img_00292.jpg,0.876757,1,1,1,1,1,1,1,1.209611,0.876757,0.332855,7,0.667626,0.667626,0.058528,1.442765,4,32,1,1,1,4,9.591526,9.591526,12.454,0.918381,11.756,652.453,689.053
292,/home/hm25936/datasets_for_yolo/lab_images_6000/images/test/img_00293.jpg,0.832117,1,1,1,1,1,1,1,1.518570,0.832117,0.686453,8,0.851816,0.851816,0.028765,1.088132,4,32,1,1,1,4,11.227543,11.227543,11.804,0.841967,13.238,491.997,529.609
293,/home/hm25936/datasets_for_yolo/lab_images_6000/images/test/img_00294.jpg,0.852548,1,1,1,1,1,1,1,1.184187,0.852548,0.331638,9,0.664330,0.664330,0.053847,1.475302,4,32,1,1,1,4,12.734875,12.734875,11.872,0.878951,12.137,377.460,414.026
294,/home/hm25936/datasets_for_yolo/lab_images_6000/images/test/img_00295.jpg,0.858401,1,1,1,1,1,2,1,1.807137,0.858401,0.948736,10,0.972088,0.972088,0.002464,1.017773,4,32,1,1,1,4,10.546338,10.546338,11.956,0.883452,12.164,618.856,655.699
295,/home/hm25936/datasets_for_yolo/lab_images_6000/images/test/img_00296.jpg,0.862272,1,1,1,1,1,2,1,1.848428,0.862272,0.986156,11,0.992592,0.992592,0.000894,1.003037,4,32,1,1,1,4,9.487746,9.487746,11.732,0.885949,12.936,516.827,553.061
296,/home/hm25936/datasets_for_yolo/lab_images_6000/images/test/img_00297.jpg,0.869137,1,1,1,1,1,1,1,1.822597,0.869137,0.953460,12,0.979043,0.979043,0.002437,1.021175,4,32,1,1,1,4,6.655457,6.655457,11.918,0.892430,12.013,505.612,541.041
297,/home/hm25936/datasets_for_yolo/lab_images_6000/images/test/img_00298.jpg,0.863393,1,1,1,1,1,2,1,1.687253,0.863393,0.823860,13,0.902206,0.902206,0.010955,1.050880,4,32,1,1,1,4,7.267221,7.267221,11.865,0.881843,12.123,263.257,298.835
298,/home/hm25936/datasets_for_yolo/lab_images_6000/images/test/img_00299.jpg,0.863412,1,1,1,1,1,2,1,1.863237,0.863412,0.999824,14,0.999922,0.999922,0.000010,1.000076,4,32,1,1,1,4,7.063552,7.063552,11.989,0.880264,12.159,509.910,545.242
299,/home/hm25936/datasets_for_yolo/lab_images_6000/images/test/img_00300.jpg,0.879255,1,1,1,1,1,2,1,1.845632,0.879255,0.966377,15,0.980038,0.980038,0.001803,1.007454,4,32,1,1,1,4,7.642905,7.642905,11.595,0.894675,13.243,433.434,471.355
